1;['[0.0, 0.06666666666666667)', '[0.0, 0.06666666666666667)', '[0.0, 0.26666666666666666)', '[0.0, infinity)'];['[0.2, 0.6)', '[0.3333333333333333, 0.6666666666666666)', '[0.06666666666666667, 0.7333333333333333)'];['[0.7333333333333333, 0.8)', '[0.7333333333333333, 0.8)', '[0.7333333333333333, 0.8)', '[0.7333333333333333, 0.8)'];4;3;4
1;['[0.0, 0.06666666666666667)', '[0.0, 0.06666666666666667)', '[0.0, infinity)'];['[0.13333333333333333, 0.6)', '[0.13333333333333333, 0.6)', '[0.2, 0.6666666666666666)'];['[0.6666666666666666, 0.7333333333333333)', '[0.7333333333333333, 0.8)', '[0.7333333333333333, 0.8)', '[0.7333333333333333, 0.8)', '[0.7333333333333333, 0.8)', '[0.6666666666666666, 0.8)'];3;3;6
1;['[0.0, 0.06666666666666667)', '[0.0, infinity)'];['[0.13333333333333333, 0.6)', '[0.06666666666666667, 0.6)', '[0.2, 0.6666666666666666)'];['[0.6666666666666666, 0.7333333333333333)', '[0.6666666666666666, 0.8)', '[0.7333333333333333, 0.8)', '[0.7333333333333333, 0.8)', '[0.7333333333333333, 0.8)', '[0.6666666666666666, 0.8)', '[0.8, 0.8666666666666667)'];2;3;7
2;['[0.0, 0.06666666666666667)', '[0.0, 0.13333333333333333)', '[0.0, 0.6)', '[0.0, infinity)'];['[0.06666666666666667, 0.7333333333333333)'];['[0.7333333333333333, 0.8)', '[0.7333333333333333, 0.8)', '[0.8, 0.8666666666666667)', '[0.7333333333333333, 0.8666666666666667)'];4;1;4
2;['[0.0, 0.06666666666666667)', '[0.0, 0.13333333333333333)', '[0.0, 0.6)', '[0.0, infinity)'];['[0.06666666666666667, 0.8)'];['[0.8, 0.8666666666666667)', '[0.8, 0.8666666666666667)', '[0.8, 0.8666666666666667)'];4;1;3
2;['[0.0, 0.06666666666666667)', '[0.0, 0.6666666666666666)', '[0.0, infinity)'];['[0.06666666666666667, 0.7333333333333333)'];['[0.8, 0.8666666666666667)'];3;1;1
3;['[0.0, 0.06666666666666667)', '[0.0, 0.06666666666666667)', '[0.0, 0.4666666666666667)', '[0.0, 0.5333333333333333)', '[0.0, infinity)'];['[0.6666666666666666, 0.7333333333333333)', '[0.5333333333333333, 0.7333333333333333)', '[0.06666666666666667, 0.8)'];['[0.8, 0.8666666666666667)', '[0.8666666666666667, 0.9333333333333333)'];5;3;2
3;['[0.0, 0.06666666666666667)', '[0.0, 0.06666666666666667)', '[0.0, 0.5333333333333333)', '[0.0, 0.6666666666666666)', '[0.0, infinity)'];['[0.6, 0.7333333333333333)', '[0.06666666666666667, 0.7333333333333333)'];['[0.8, 0.8666666666666667)', '[0.7333333333333333, 0.8666666666666667)', '[0.8, 0.8666666666666667)', '[0.8, 0.8666666666666667)'];5;2;4
3;['[0.0, 0.06666666666666667)', '[0.0, 0.5333333333333333)', '[0.0, 0.6666666666666666)', '[0.0, infinity)'];['[0.6, 0.6666666666666666)', '[0.6666666666666666, 0.8)', '[0.06666666666666667, 0.8)'];['[0.8, 0.8666666666666667)', '[0.8, 0.8666666666666667)', '[0.8, 0.8666666666666667)', '[0.8, 0.8666666666666667)'];4;3;4
4;['[0.0, 0.06666666666666667)', '[0.0, 0.06666666666666667)', '[0.0, infinity)'];['[0.3333333333333333, 0.7333333333333333)'];['[0.8, 0.8666666666666667)', '[0.8, 0.8666666666666667)'];3;1;2
4;['[0.0, 0.06666666666666667)', '[0.0, 0.06666666666666667)', '[0.0, 0.06666666666666667)', '[0.0, infinity)'];['[0.3333333333333333, 0.8)'];['[0.6666666666666666, 0.8666666666666667)', '[0.8, 0.8666666666666667)', '[0.8, 0.8666666666666667)', '[0.8, 0.8666666666666667)'];4;1;4
4;['[0.0, 0.06666666666666667)', '[0.0, infinity)'];['[0.26666666666666666, 0.7333333333333333)'];['[0.7333333333333333, 0.8)', '[0.8, 0.8666666666666667)', '[0.8, 0.8666666666666667)'];2;1;3
5;['[0.0, 0.06666666666666667)', '[0.0, 0.06666666666666667)', '[0.0, infinity)'];['[0.4, 0.5333333333333333)', '[0.13333333333333333, 0.6666666666666666)', '[0.06666666666666667, 0.6666666666666666)'];['[0.6666666666666666, 0.7333333333333333)', '[0.6666666666666666, 0.7333333333333333)', '[0.6666666666666666, 0.7333333333333333)', '[0.7333333333333333, 0.8)', '[0.6666666666666666, 0.8)'];3;3;5
5;['[0.0, 0.06666666666666667)', '[0.0, 0.06666666666666667)', '[0.0, infinity)'];['[0.4, 0.6)', '[0.06666666666666667, 0.6)', '[0.13333333333333333, 0.6666666666666666)'];['[0.6, 0.6666666666666666)', '[0.6666666666666666, 0.7333333333333333)', '[0.6666666666666666, 0.8)'];3;3;3
5;['[0.0, 0.06666666666666667)', '[0.0, 0.06666666666666667)', '[0.0, 0.06666666666666667)', '[0.0, infinity)'];['[0.4, 0.6)', '[0.2, 0.6)', '[0.0, 0.6666666666666666)'];['[0.6666666666666666, 0.7333333333333333)', '[0.6666666666666666, 0.8)', '[0.7333333333333333, 0.8666666666666667)'];4;3;3
6;['[0.0, 0.06666666666666667)', '[0.0, 0.13333333333333333)', '[0.0, 0.13333333333333333)', '[0.0, 0.13333333333333333)', '[0.0, infinity)'];['[0.4, 0.5333333333333333)', '[0.0, 0.5333333333333333)', '[0.06666666666666667, 0.5333333333333333)'];['[0.6, 0.7333333333333333)', '[0.6, 0.7333333333333333)', '[0.6666666666666666, 0.7333333333333333)', '[0.6666666666666666, 0.8)', '[0.7333333333333333, 0.8)', '[0.6666666666666666, 0.8)'];5;3;6
6;['[0.0, 0.06666666666666667)', '[0.0, 0.26666666666666666)', '[0.0, infinity)'];['[0.06666666666666667, 0.6)', '[0.0, 0.6)', '[0.6, 0.6666666666666666)'];['[0.6, 0.7333333333333333)', '[0.6666666666666666, 0.7333333333333333)', '[0.6, 0.7333333333333333)', '[0.6666666666666666, 0.7333333333333333)', '[0.6666666666666666, 0.8)'];3;3;5
6;['[0.0, 0.06666666666666667)', '[0.0, 0.06666666666666667)', '[0.0, 0.26666666666666666)', '[0.0, infinity)'];['[0.4666666666666667, 0.5333333333333333)', '[0.4666666666666667, 0.5333333333333333)', '[0.0, 0.6)', '[0.06666666666666667, 0.6)'];['[0.6, 0.6666666666666666)', '[0.6666666666666666, 0.7333333333333333)', '[0.6666666666666666, 0.7333333333333333)', '[0.6666666666666666, 0.7333333333333333)', '[0.6, 0.7333333333333333)', '[0.6, 0.7333333333333333)'];4;4;6
7;['[0.0, infinity)'];['[0.3333333333333333, 0.6666666666666666)', '[0.13333333333333333, 0.6666666666666666)'];['[0.6666666666666666, 0.7333333333333333)', '[0.6666666666666666, 0.7333333333333333)', '[0.7333333333333333, 0.8)', '[0.7333333333333333, 0.8)'];1;2;4
7;['[0.0, 0.06666666666666667)', '[0.0, 0.06666666666666667)', '[0.0, 0.06666666666666667)', '[0.0, 0.13333333333333333)', '[0.0, 0.13333333333333333)', '[0.0, infinity)'];['[0.4, 0.6)', '[0.3333333333333333, 0.7333333333333333)'];['[0.7333333333333333, 0.8)'];6;2;1
7;['[0.0, 0.06666666666666667)', '[0.0, 0.06666666666666667)', '[0.0, infinity)'];['[0.4, 0.6)', '[0.13333333333333333, 0.6666666666666666)'];['[0.7333333333333333, 0.8)', '[0.7333333333333333, 0.8)'];3;2;2
8;['[0.0, 0.06666666666666667)', '[0.0, 0.06666666666666667)', '[0.0, 0.13333333333333333)', '[0.0, 0.13333333333333333)', '[0.0, 0.13333333333333333)', '[0.0, 0.26666666666666666)', '[0.0, 0.6)', '[0.0, infinity)'];['[0.2, 0.6)', '[0.4666666666666667, 0.6666666666666666)', '[0.6666666666666666, 0.7333333333333333)'];[];8;3;0
8;['[0.13333333333333333, 0.6)', '[0.5333333333333333, 0.7333333333333333)'];[];[];2;0;0
8;['[0.26666666666666666, 0.5333333333333333)', '[0.5333333333333333, 0.6)', '[0.2, 0.6)'];[];[];3;0;0
9;['[0.0, 0.06666666666666667)', '[0.0, 0.06666666666666667)', '[0.0, 0.06666666666666667)', '[0.0, 0.13333333333333333)', '[0.0, 0.2)', '[0.0, 0.2)', '[0.0, 0.26666666666666666)', '[0.0, 0.3333333333333333)', '[0.0, 0.4666666666666667)', '[0.0, infinity)'];['[0.6, 0.6666666666666666)', '[0.26666666666666666, 0.7333333333333333)', '[0.5333333333333333, 0.7333333333333333)', '[0.26666666666666666, 0.7333333333333333)'];['[0.6666666666666666, 0.8)', '[0.7333333333333333, 0.8)', '[0.8, 0.8666666666666667)', '[0.7333333333333333, 0.8666666666666667)', '[0.7333333333333333, 0.8666666666666667)', '[0.8, 0.8666666666666667)', '[0.7333333333333333, 0.8666666666666667)'];10;4;7
9;['[0.0, 0.06666666666666667)', '[0.0, 0.13333333333333333)', '[0.0, 0.13333333333333333)', '[0.0, 0.13333333333333333)', '[0.0, 0.2)', '[0.0, 0.26666666666666666)', '[0.0, 0.26666666666666666)', '[0.0, 0.4)', '[0.0, infinity)'];['[0.5333333333333333, 0.6666666666666666)', '[0.26666666666666666, 0.7333333333333333)', '[0.26666666666666666, 0.7333333333333333)', '[0.4666666666666667, 0.7333333333333333)'];['[0.7333333333333333, 0.8)', '[0.7333333333333333, 0.8)', '[0.7333333333333333, 0.8)', '[0.7333333333333333, 0.8666666666666667)', '[0.7333333333333333, 0.8666666666666667)', '[0.8, 0.8666666666666667)', '[0.8, 0.8666666666666667)', '[0.7333333333333333, 0.8666666666666667)'];9;4;8
9;['[0.0, 0.13333333333333333)', '[0.0, 0.13333333333333333)', '[0.0, 0.2)', '[0.0, 0.26666666666666666)', '[0.0, 0.26666666666666666)', '[0.0, 0.26666666666666666)', '[0.0, 0.4)', '[0.0, infinity)'];['[0.6, 0.6666666666666666)', '[0.5333333333333333, 0.6666666666666666)', '[0.26666666666666666, 0.6666666666666666)', '[0.26666666666666666, 0.7333333333333333)'];['[0.6666666666666666, 0.7333333333333333)', '[0.7333333333333333, 0.8)', '[0.7333333333333333, 0.8)', '[0.7333333333333333, 0.8)', '[0.7333333333333333, 0.8666666666666667)', '[0.8, 0.8666666666666667)', '[0.7333333333333333, 0.8666666666666667)'];8;4;7
10;['[0.0, 0.06666666666666667)', '[0.0, 0.06666666666666667)', '[0.0, infinity)'];['[0.3333333333333333, 0.8)'];['[0.8, 0.8666666666666667)'];3;1;1
10;['[0.0, 0.06666666666666667)', '[0.0, 0.06666666666666667)', '[0.0, infinity)'];['[0.3333333333333333, 0.8)'];['[0.8666666666666667, 0.9333333333333333)', '[0.8, 0.9333333333333333)'];3;1;2
10;['[0.0, 0.06666666666666667)', '[0.0, 0.13333333333333333)', '[0.0, infinity)'];['[0.4, 0.8)'];['[0.8666666666666667, 0.9333333333333333)', '[0.8, 0.9333333333333333)'];3;1;2
11;['[0.0, 0.06666666666666667)', '[0.0, 0.06666666666666667)', '[0.0, 0.2)', '[0.0, infinity)'];['[0.4, 0.7333333333333333)'];[];4;1;0
11;['[0.3333333333333333, 0.8)'];[];[];1;0;0
11;['[0.3333333333333333, 0.8)'];[];[];1;0;0
12;['[0.0, 0.06666666666666667)', '[0.0, 0.06666666666666667)', '[0.0, 0.13333333333333333)', '[0.0, 0.4)', '[0.0, infinity)'];['[0.26666666666666666, 0.6)', '[0.13333333333333333, 0.6)', '[0.26666666666666666, 0.6666666666666666)'];['[0.6666666666666666, 0.7333333333333333)', '[0.6666666666666666, 0.7333333333333333)', '[0.7333333333333333, 0.8)', '[0.6666666666666666, 0.8)'];5;3;4
12;['[0.0, 0.06666666666666667)', '[0.0, 0.06666666666666667)', '[0.0, 0.06666666666666667)', '[0.0, 0.13333333333333333)', '[0.0, 0.13333333333333333)', '[0.0, 0.4)', '[0.0, infinity)'];['[0.26666666666666666, 0.6666666666666666)', '[0.13333333333333333, 0.6666666666666666)', '[0.2, 0.7333333333333333)'];['[0.6666666666666666, 0.8)', '[0.7333333333333333, 0.8)', '[0.7333333333333333, 0.8)', '[0.7333333333333333, 0.8)', '[0.7333333333333333, 0.8)', '[0.7333333333333333, 0.8)'];7;3;6
12;['[0.0, 0.06666666666666667)', '[0.0, 0.06666666666666667)', '[0.0, 0.06666666666666667)', '[0.0, 0.13333333333333333)', '[0.0, 0.13333333333333333)', '[0.0, 0.4)', '[0.0, infinity)'];['[0.13333333333333333, 0.6666666666666666)', '[0.3333333333333333, 0.6666666666666666)', '[0.13333333333333333, 0.6666666666666666)'];['[0.6666666666666666, 0.7333333333333333)', '[0.7333333333333333, 0.8)', '[0.7333333333333333, 0.8)'];7;3;3
13;['[0.0, 0.06666666666666667)', '[0.0, 0.13333333333333333)', '[0.0, 0.13333333333333333)', '[0.0, 0.4)', '[0.0, infinity)'];['[0.4666666666666667, 0.6)', '[0.4, 0.6)', '[0.0, 0.6)', '[0.13333333333333333, 0.6)'];['[0.6666666666666666, 0.7333333333333333)', '[0.6666666666666666, 0.7333333333333333)', '[0.6666666666666666, 0.7333333333333333)', '[0.6666666666666666, 0.8)'];5;4;4
13;['[0.0, 0.06666666666666667)', '[0.0, 0.06666666666666667)', '[0.0, 0.2)', '[0.0, infinity)'];['[0.4666666666666667, 0.6)', '[0.13333333333333333, 0.6)', '[0.06666666666666667, 0.6)', '[0.26666666666666666, 0.6666666666666666)'];['[0.6666666666666666, 0.7333333333333333)', '[0.6666666666666666, 0.7333333333333333)', '[0.6666666666666666, 0.7333333333333333)', '[0.6666666666666666, 0.8)', '[0.7333333333333333, 0.8)', '[0.7333333333333333, 0.8)', '[0.7333333333333333, 0.8)', '[0.6666666666666666, 0.8)', '[0.6666666666666666, 0.8)'];4;4;9
13;['[0.0, 0.06666666666666667)', '[0.0, 0.06666666666666667)', '[0.0, 0.06666666666666667)', '[0.0, 0.06666666666666667)', '[0.0, 0.2)', '[0.0, 0.2)', '[0.0, infinity)'];['[0.5333333333333333, 0.6)', '[0.13333333333333333, 0.6)', '[0.26666666666666666, 0.6666666666666666)', '[0.13333333333333333, 0.6666666666666666)'];['[0.6666666666666666, 0.7333333333333333)', '[0.6666666666666666, 0.7333333333333333)', '[0.7333333333333333, 0.8)', '[0.6666666666666666, 0.8)', '[0.6666666666666666, 0.8)', '[0.7333333333333333, 0.8)', '[0.6666666666666666, 0.8)'];7;4;7
14;['[0.0, 0.06666666666666667)', '[0.0, 0.13333333333333333)', '[0.0, infinity)'];['[0.3333333333333333, 0.6666666666666666)', '[0.4, 0.6666666666666666)'];['[0.6666666666666666, 0.7333333333333333)', '[0.7333333333333333, 0.8)'];3;2;2
14;['[0.0, 0.06666666666666667)', '[0.0, 0.06666666666666667)', '[0.0, 0.06666666666666667)', '[0.0, 0.06666666666666667)', '[0.0, 0.13333333333333333)', '[0.0, 0.13333333333333333)', '[0.0, infinity)'];['[0.3333333333333333, 0.6666666666666666)', '[0.3333333333333333, 0.7333333333333333)'];['[0.6666666666666666, 0.8)', '[0.7333333333333333, 0.8)'];7;2;2
14;['[0.0, 0.06666666666666667)', '[0.0, 0.06666666666666667)', '[0.0, 0.06666666666666667)', '[0.0, 0.06666666666666667)', '[0.0, 0.06666666666666667)', '[0.0, infinity)'];['[0.3333333333333333, 0.6666666666666666)', '[0.3333333333333333, 0.7333333333333333)'];['[0.6666666666666666, 0.7333333333333333)', '[0.8, 0.8666666666666667)'];6;2;2
16;['[0.0, 0.06666666666666667)', '[0.0, 0.13333333333333333)', '[0.0, 0.13333333333333333)', '[0.0, 0.26666666666666666)', '[0.0, 0.7333333333333333)', '[0.0, infinity)'];['[0.3333333333333333, 0.6666666666666666)', '[0.3333333333333333, 0.7333333333333333)'];['[0.7333333333333333, 0.8)', '[0.7333333333333333, 0.8)'];6;2;2
16;['[0.0, 0.06666666666666667)', '[0.0, 0.06666666666666667)', '[0.0, 0.13333333333333333)', '[0.0, 0.13333333333333333)', '[0.0, 0.7333333333333333)', '[0.0, infinity)'];['[0.0, 0.06666666666666667)', '[0.2, 0.6)', '[0.26666666666666666, 0.7333333333333333)'];['[0.7333333333333333, 0.8)', '[0.7333333333333333, 0.8)', '[0.8, 0.8666666666666667)'];6;3;3
16;['[0.0, 0.13333333333333333)', '[0.0, 0.13333333333333333)', '[0.0, 0.13333333333333333)', '[0.0, 0.26666666666666666)', '[0.0, 0.8)', '[0.0, infinity)'];['[0.26666666666666666, 0.6666666666666666)', '[0.26666666666666666, 0.7333333333333333)'];['[0.6666666666666666, 0.7333333333333333)', '[0.8, 0.8666666666666667)'];6;2;2
17;['[0.0, 0.06666666666666667)', '[0.0, 0.13333333333333333)', '[0.0, 0.13333333333333333)', '[0.0, 0.2)', '[0.0, 0.4666666666666667)', '[0.0, infinity)'];['[0.5333333333333333, 0.7333333333333333)', '[0.3333333333333333, 0.7333333333333333)', '[0.4, 0.8)'];[];6;3;0
17;['[0.5333333333333333, 0.6666666666666666)', '[0.26666666666666666, 0.7333333333333333)', '[0.6, 0.7333333333333333)'];[];[];3;0;0
17;['[0.26666666666666666, 0.7333333333333333)', '[0.5333333333333333, 0.7333333333333333)', '[0.4, 0.8)'];[];[];3;0;0
18;['[0.0, 0.06666666666666667)', '[0.0, 0.13333333333333333)', '[0.0, 0.2)', '[0.0, 0.26666666666666666)', '[0.0, infinity)'];['[0.26666666666666666, 0.6)', '[0.5333333333333333, 0.6666666666666666)', '[0.26666666666666666, 0.6666666666666666)'];['[0.6666666666666666, 0.8)', '[0.7333333333333333, 0.8)', '[0.6666666666666666, 0.8)', '[0.8, 0.8666666666666667)', '[0.8, 0.8666666666666667)'];5;3;5
18;['[0.0, 0.06666666666666667)', '[0.0, 0.2)', '[0.0, 0.2)', '[0.0, 0.3333333333333333)', '[0.0, infinity)'];['[0.26666666666666666, 0.6)', '[0.2, 0.6666666666666666)', '[0.5333333333333333, 0.6666666666666666)'];['[0.6666666666666666, 0.7333333333333333)', '[0.7333333333333333, 0.8)', '[0.7333333333333333, 0.8)', '[0.8, 0.8666666666666667)', '[0.7333333333333333, 0.8666666666666667)', '[0.8, 0.8666666666666667)'];5;3;6
18;['[0.0, 0.06666666666666667)', '[0.0, 0.06666666666666667)', '[0.0, 0.2)', '[0.0, 0.2)', '[0.0, 0.2)', '[0.0, infinity)'];['[0.3333333333333333, 0.6)', '[0.13333333333333333, 0.6666666666666666)', '[0.4666666666666667, 0.7333333333333333)'];['[0.6, 0.7333333333333333)', '[0.8, 0.8666666666666667)'];6;3;2
19;['[0.0, 0.06666666666666667)', '[0.0, 0.06666666666666667)', '[0.0, 0.13333333333333333)', '[0.0, 0.13333333333333333)', '[0.0, 0.13333333333333333)', '[0.0, 0.3333333333333333)', '[0.0, 0.6)', '[0.0, infinity)'];['[0.6, 0.6666666666666666)', '[0.2, 0.7333333333333333)', '[0.6666666666666666, 0.7333333333333333)'];['[0.7333333333333333, 0.8)', '[0.6666666666666666, 0.8)', '[0.8, 0.8666666666666667)', '[0.8, 0.8666666666666667)', '[0.8, 0.8666666666666667)', '[0.8666666666666667, 0.9333333333333333)'];8;3;6
19;['[0.0, 0.06666666666666667)', '[0.0, 0.06666666666666667)', '[0.0, 0.13333333333333333)', '[0.0, 0.13333333333333333)', '[0.0, 0.4666666666666667)', '[0.0, 0.4666666666666667)', '[0.0, infinity)'];['[0.26666666666666666, 0.7333333333333333)', '[0.6, 0.7333333333333333)'];['[0.7333333333333333, 0.8)', '[0.7333333333333333, 0.8)', '[0.8, 0.8666666666666667)', '[0.8, 0.8666666666666667)', '[0.7333333333333333, 0.8666666666666667)'];7;2;5
19;['[0.0, 0.06666666666666667)', '[0.0, 0.06666666666666667)', '[0.0, 0.3333333333333333)', '[0.0, 0.4)', '[0.0, infinity)'];['[0.6, 0.6666666666666666)', '[0.6, 0.7333333333333333)', '[0.13333333333333333, 0.7333333333333333)'];['[0.7333333333333333, 0.8)', '[0.7333333333333333, 0.8)', '[0.7333333333333333, 0.8)'];5;3;3
20;['[0.0, 0.2)', '[0.0, infinity)'];['[0.0, 0.6)', '[0.0, 0.6666666666666666)'];['[0.6, 0.6666666666666666)', '[0.6666666666666666, 0.7333333333333333)', '[0.6666666666666666, 0.7333333333333333)'];2;2;3
20;['[0.0, 0.2)', '[0.0, infinity)'];['[0.06666666666666667, 0.5333333333333333)', '[0.0, 0.6666666666666666)'];['[0.6, 0.6666666666666666)', '[0.6666666666666666, 0.7333333333333333)', '[0.6666666666666666, 0.7333333333333333)', '[0.6666666666666666, 0.7333333333333333)', '[0.7333333333333333, 0.8)', '[0.7333333333333333, 0.8)', '[0.7333333333333333, 0.8)'];2;2;7
20;['[0.0, 0.26666666666666666)', '[0.0, infinity)'];['[0.06666666666666667, 0.6)', '[0.06666666666666667, 0.6666666666666666)'];['[0.6666666666666666, 0.7333333333333333)', '[0.6666666666666666, 0.7333333333333333)', '[0.6666666666666666, 0.7333333333333333)', '[0.7333333333333333, 0.8)', '[0.7333333333333333, 0.8)', '[0.8, 0.8666666666666667)'];2;2;6
21;['[0.0, 0.06666666666666667)', '[0.0, 0.2)', '[0.0, 0.26666666666666666)', '[0.0, 0.26666666666666666)', '[0.0, infinity)'];['[0.4666666666666667, 0.7333333333333333)'];['[0.8, 0.8666666666666667)', '[0.8, 0.8666666666666667)'];5;1;2
21;['[0.0, 0.06666666666666667)', '[0.0, 0.2)', '[0.0, 0.26666666666666666)', '[0.0, 0.3333333333333333)', '[0.0, infinity)'];['[0.3333333333333333, 0.7333333333333333)'];['[0.7333333333333333, 0.8)', '[0.8, 0.8666666666666667)', '[0.7333333333333333, 0.8666666666666667)'];5;1;3
21;['[0.0, 0.13333333333333333)', '[0.0, 0.13333333333333333)', '[0.0, 0.26666666666666666)', '[0.0, 0.3333333333333333)', '[0.0, infinity)'];['[0.4666666666666667, 0.8)', '[0.6666666666666666, 0.8)'];['[0.8, 0.8666666666666667)', '[0.8, 0.8666666666666667)', '[0.8, 0.8666666666666667)'];5;2;3
22;['[0.0, 0.06666666666666667)', '[0.0, 0.13333333333333333)', '[0.0, 0.13333333333333333)', '[0.0, 0.4)', '[0.0, infinity)'];['[0.13333333333333333, 0.6666666666666666)', '[0.6, 0.7333333333333333)', '[0.4, 0.7333333333333333)'];['[0.7333333333333333, 0.8)', '[0.7333333333333333, 0.8)', '[0.6666666666666666, 0.8666666666666667)', '[0.7333333333333333, 0.8666666666666667)', '[0.7333333333333333, 0.8666666666666667)'];5;3;5
22;['[0.0, 0.06666666666666667)', '[0.0, 0.13333333333333333)', '[0.0, 0.13333333333333333)', '[0.0, 0.4)', '[0.0, infinity)'];['[0.13333333333333333, 0.6666666666666666)', '[0.4, 0.6666666666666666)', '[0.6666666666666666, 0.7333333333333333)'];['[0.6666666666666666, 0.8)', '[0.7333333333333333, 0.8)', '[0.7333333333333333, 0.8)', '[0.7333333333333333, 0.8)', '[0.7333333333333333, 0.8666666666666667)'];5;3;5
22;['[0.0, 0.06666666666666667)', '[0.0, 0.13333333333333333)', '[0.0, 0.13333333333333333)', '[0.0, 0.26666666666666666)', '[0.0, infinity)'];['[0.13333333333333333, 0.6)', '[0.3333333333333333, 0.6666666666666666)', '[0.6, 0.7333333333333333)'];['[0.6666666666666666, 0.8)', '[0.7333333333333333, 0.8)', '[0.7333333333333333, 0.8)', '[0.8, 0.8666666666666667)', '[0.8, 0.8666666666666667)'];5;3;5
24;['[0.0, 0.06666666666666667)', '[0.0, 0.13333333333333333)', '[0.0, 0.2)', '[0.0, 0.2)', '[0.0, infinity)'];['[0.26666666666666666, 0.6666666666666666)', '[0.06666666666666667, 0.6666666666666666)'];['[0.7333333333333333, 0.8)', '[0.7333333333333333, 0.8)', '[0.7333333333333333, 0.8)', '[0.8, 0.8666666666666667)'];5;2;4
24;['[0.0, 0.06666666666666667)', '[0.0, 0.06666666666666667)', '[0.0, 0.13333333333333333)', '[0.0, 0.13333333333333333)', '[0.0, 0.2)', '[0.0, infinity)'];['[0.26666666666666666, 0.6)', '[0.06666666666666667, 0.6666666666666666)'];['[0.6666666666666666, 0.7333333333333333)', '[0.7333333333333333, 0.8)'];6;2;2
24;['[0.0, 0.06666666666666667)', '[0.0, 0.06666666666666667)', '[0.0, 0.06666666666666667)', '[0.0, 0.13333333333333333)', '[0.0, 0.3333333333333333)', '[0.0, infinity)'];['[0.3333333333333333, 0.6666666666666666)', '[0.2, 0.7333333333333333)'];['[0.7333333333333333, 0.8)', '[0.7333333333333333, 0.8)'];6;2;2
25;['[0.0, 0.06666666666666667)', '[0.0, 0.06666666666666667)', '[0.0, 0.06666666666666667)', '[0.0, 0.06666666666666667)', '[0.0, 0.06666666666666667)', '[0.0, 0.13333333333333333)', '[0.0, infinity)'];['[0.3333333333333333, 0.6)', '[0.26666666666666666, 0.6)', '[0.2, 0.6666666666666666)'];['[0.6666666666666666, 0.7333333333333333)', '[0.6666666666666666, 0.7333333333333333)', '[0.7333333333333333, 0.8)', '[0.7333333333333333, 0.8)', '[0.6666666666666666, 0.8)'];7;3;5
25;['[0.0, 0.06666666666666667)', '[0.0, 0.06666666666666667)', '[0.0, 0.06666666666666667)', '[0.0, 0.13333333333333333)', '[0.0, 0.2)', '[0.0, infinity)'];['[0.3333333333333333, 0.6)', '[0.26666666666666666, 0.6)', '[0.2, 0.6666666666666666)'];['[0.6, 0.7333333333333333)', '[0.6666666666666666, 0.7333333333333333)', '[0.7333333333333333, 0.8)', '[0.6666666666666666, 0.8)'];6;3;4
25;['[0.0, 0.06666666666666667)', '[0.0, 0.06666666666666667)', '[0.0, 0.06666666666666667)', '[0.0, 0.06666666666666667)', '[0.0, 0.06666666666666667)', '[0.0, 0.06666666666666667)', '[0.0, 0.13333333333333333)', '[0.0, infinity)'];['[0.4, 0.6)', '[0.26666666666666666, 0.6)', '[0.13333333333333333, 0.6666666666666666)'];['[0.6666666666666666, 0.7333333333333333)', '[0.6666666666666666, 0.7333333333333333)', '[0.7333333333333333, 0.8)', '[0.6666666666666666, 0.8)'];8;3;4
26;['[0.0, 0.13333333333333333)', '[0.0, 0.4)', '[0.0, infinity)'];['[0.6, 0.6666666666666666)', '[0.06666666666666667, 0.6666666666666666)'];['[0.6666666666666666, 0.7333333333333333)', '[0.7333333333333333, 0.8)', '[0.7333333333333333, 0.8666666666666667)', '[0.7333333333333333, 0.8666666666666667)'];3;2;4
26;['[0.0, 0.06666666666666667)', '[0.0, 0.2)', '[0.0, 0.4)', '[0.0, infinity)'];['[0.6, 0.6666666666666666)', '[0.06666666666666667, 0.7333333333333333)'];['[0.7333333333333333, 0.8)', '[0.7333333333333333, 0.8)', '[0.7333333333333333, 0.8)'];4;2;3
26;['[0.0, 0.26666666666666666)', '[0.0, 0.4666666666666667)', '[0.0, infinity)'];['[0.4666666666666667, 0.6666666666666666)', '[0.06666666666666667, 0.7333333333333333)'];['[0.7333333333333333, 0.8)', '[0.7333333333333333, 0.8)'];3;2;2
27;['[0.0, 0.06666666666666667)', '[0.0, infinity)'];['[0.26666666666666666, 0.6)', '[0.3333333333333333, 0.6)', '[0.06666666666666667, 0.6)'];['[0.6666666666666666, 0.7333333333333333)', '[0.6666666666666666, 0.7333333333333333)', '[0.6666666666666666, 0.7333333333333333)'];2;3;3
27;['[0.0, 0.06666666666666667)', '[0.0, infinity)'];['[0.2, 0.6)', '[0.26666666666666666, 0.6666666666666666)', '[0.13333333333333333, 0.6666666666666666)'];['[0.6666666666666666, 0.7333333333333333)', '[0.6666666666666666, 0.7333333333333333)', '[0.7333333333333333, 0.8)'];2;3;3
27;['[0.0, 0.06666666666666667)', '[0.0, infinity)'];['[0.2, 0.5333333333333333)', '[0.13333333333333333, 0.6)', '[0.4, 0.6666666666666666)'];['[0.5333333333333333, 0.6666666666666666)', '[0.6, 0.6666666666666666)', '[0.6, 0.7333333333333333)', '[0.6666666666666666, 0.7333333333333333)', '[0.7333333333333333, 0.8)'];2;3;5
29;['[0.0, 0.4)', '[0.0, 0.6666666666666666)', '[0.0, infinity)'];['[0.13333333333333333, 0.6666666666666666)', '[0.4, 0.7333333333333333)'];['[0.6666666666666666, 0.7333333333333333)', '[0.8666666666666667, 0.9333333333333333)'];3;2;2
29;['[0.0, 0.06666666666666667)', '[0.0, 0.26666666666666666)', '[0.0, 0.6666666666666666)', '[0.0, infinity)'];['[0.2, 0.6666666666666666)', '[0.4, 0.7333333333333333)'];['[0.6666666666666666, 0.7333333333333333)', '[0.7333333333333333, 0.8666666666666667)', '[0.8, 0.8666666666666667)'];4;2;3
29;['[0.0, 0.06666666666666667)', '[0.0, 0.3333333333333333)', '[0.0, 0.7333333333333333)', '[0.0, infinity)'];['[0.06666666666666667, 0.6666666666666666)', '[0.4, 0.6666666666666666)'];['[0.6666666666666666, 0.7333333333333333)', '[0.6666666666666666, 0.7333333333333333)', '[0.8, 0.8666666666666667)'];4;2;3
30;['[0.0, 0.06666666666666667)', '[0.0, 0.13333333333333333)', '[0.0, 0.2)', '[0.0, 0.2)', '[0.0, infinity)'];['[0.3333333333333333, 0.6)', '[0.4666666666666667, 0.6666666666666666)', '[0.06666666666666667, 0.6666666666666666)'];['[0.7333333333333333, 0.8)', '[0.7333333333333333, 0.8)', '[0.7333333333333333, 0.8)', '[0.7333333333333333, 0.8666666666666667)', '[0.8, 0.8666666666666667)'];5;3;5
30;['[0.0, 0.06666666666666667)', '[0.0, 0.2)', '[0.0, 0.26666666666666666)', '[0.0, infinity)'];['[0.2, 0.5333333333333333)', '[0.5333333333333333, 0.6666666666666666)', '[0.06666666666666667, 0.6666666666666666)'];['[0.6666666666666666, 0.7333333333333333)'];4;3;1
30;['[0.0, 0.06666666666666667)', '[0.0, 0.06666666666666667)', '[0.0, 0.06666666666666667)', '[0.0, 0.13333333333333333)', '[0.0, 0.26666666666666666)', '[0.0, 0.26666666666666666)', '[0.0, infinity)'];['[0.4, 0.6666666666666666)', '[0.2, 0.6666666666666666)'];['[0.6666666666666666, 0.8)', '[0.7333333333333333, 0.8)', '[0.7333333333333333, 0.8666666666666667)', '[0.7333333333333333, 0.8666666666666667)', '[0.8, 0.8666666666666667)'];7;2;5
31;['[0.0, 0.06666666666666667)', '[0.0, 0.06666666666666667)', '[0.0, 0.13333333333333333)', '[0.0, 0.4)', '[0.0, infinity)'];['[0.4, 0.6666666666666666)', '[0.13333333333333333, 0.6666666666666666)', '[0.6666666666666666, 0.7333333333333333)'];['[0.8, 0.8666666666666667)', '[0.8, 0.8666666666666667)', '[0.7333333333333333, 0.9333333333333333)'];5;3;3
31;['[0.0, 0.06666666666666667)', '[0.0, 0.06666666666666667)', '[0.0, 0.13333333333333333)', '[0.0, 0.4666666666666667)', '[0.0, infinity)'];['[0.4, 0.6)', '[0.13333333333333333, 0.6666666666666666)', '[0.6666666666666666, 0.7333333333333333)'];['[0.7333333333333333, 0.8)', '[0.8, 0.8666666666666667)', '[0.7333333333333333, 0.8666666666666667)', '[0.8666666666666667, 0.9333333333333333)'];5;3;4
31;['[0.0, 0.06666666666666667)', '[0.0, 0.4)', '[0.0, infinity)'];['[0.26666666666666666, 0.6)', '[0.06666666666666667, 0.6666666666666666)'];['[0.6666666666666666, 0.7333333333333333)', '[0.6666666666666666, 0.7333333333333333)', '[0.8, 0.8666666666666667)', '[0.8, 0.9333333333333333)'];3;2;4
32;['[0.0, 0.2)', '[0.0, 0.2)', '[0.0, 0.26666666666666666)', '[0.0, infinity)'];['[0.4, 0.6)', '[0.2, 0.6666666666666666)', '[0.2, 0.6666666666666666)'];['[0.7333333333333333, 0.8)'];4;3;1
32;['[0.0, 0.06666666666666667)', '[0.0, 0.06666666666666667)', '[0.0, 0.13333333333333333)', '[0.0, 0.13333333333333333)', '[0.0, 0.2)', '[0.0, infinity)'];['[0.0, 0.06666666666666667)', '[0.4, 0.6)', '[0.13333333333333333, 0.6666666666666666)', '[0.2, 0.6666666666666666)'];['[0.6666666666666666, 0.7333333333333333)', '[0.6666666666666666, 0.7333333333333333)', '[0.7333333333333333, 0.8)', '[0.6666666666666666, 0.8)'];6;4;4
32;['[0.0, 0.06666666666666667)', '[0.0, 0.06666666666666667)', '[0.0, 0.13333333333333333)', '[0.0, 0.2)', '[0.0, infinity)'];['[0.0, 0.06666666666666667)', '[0.4, 0.6)', '[0.13333333333333333, 0.6666666666666666)', '[0.2, 0.6666666666666666)'];['[0.6666666666666666, 0.8)', '[0.6666666666666666, 0.8)', '[0.7333333333333333, 0.8)'];5;4;3
33;['[0.0, 0.06666666666666667)', '[0.0, 0.06666666666666667)', '[0.0, 0.2)', '[0.0, infinity)'];['[0.13333333333333333, 0.5333333333333333)', '[0.13333333333333333, 0.6)', '[0.0, 0.6)'];['[0.5333333333333333, 0.6)', '[0.6666666666666666, 0.7333333333333333)', '[0.6, 0.7333333333333333)'];4;3;3
33;['[0.0, 0.06666666666666667)', '[0.0, 0.06666666666666667)', '[0.0, infinity)'];['[0.4, 0.5333333333333333)', '[0.06666666666666667, 0.5333333333333333)', '[0.13333333333333333, 0.6)'];['[0.6, 0.6666666666666666)', '[0.6666666666666666, 0.7333333333333333)', '[0.6, 0.7333333333333333)'];3;3;3
33;['[0.0, 0.13333333333333333)', '[0.0, infinity)'];['[0.2, 0.6)', '[0.13333333333333333, 0.6)', '[0.13333333333333333, 0.6)'];['[0.6666666666666666, 0.7333333333333333)', '[0.6666666666666666, 0.7333333333333333)', '[0.6, 0.7333333333333333)', '[0.6666666666666666, 0.7333333333333333)'];2;3;4
34;['[0.0, 0.06666666666666667)', '[0.0, 0.06666666666666667)', '[0.0, 0.26666666666666666)', '[0.0, infinity)'];['[0.4, 0.6)', '[0.3333333333333333, 0.6666666666666666)', '[0.2, 0.7333333333333333)'];['[0.7333333333333333, 0.8)', '[0.7333333333333333, 0.8)', '[0.8, 0.8666666666666667)'];4;3;3
34;['[0.0, 0.06666666666666667)', '[0.0, 0.13333333333333333)', '[0.0, 0.4)', '[0.0, 0.4)', '[0.0, infinity)'];['[0.4, 0.6)', '[0.2, 0.6666666666666666)', '[0.4, 0.8)'];['[0.7333333333333333, 0.8)', '[0.7333333333333333, 0.8)', '[0.8, 0.8666666666666667)'];5;3;3
34;['[0.0, 0.06666666666666667)', '[0.0, 0.06666666666666667)', '[0.0, 0.2)', '[0.0, 0.4)', '[0.0, infinity)'];['[0.4, 0.6)', '[0.26666666666666666, 0.6666666666666666)', '[0.5333333333333333, 0.8)'];['[0.7333333333333333, 0.8)', '[0.7333333333333333, 0.8666666666666667)'];5;3;2
36;['[0.0, 0.06666666666666667)', '[0.0, 0.13333333333333333)', '[0.0, 0.2)', '[0.0, 0.3333333333333333)', '[0.0, 0.4)', '[0.0, infinity)'];['[0.5333333333333333, 0.7333333333333333)', '[0.5333333333333333, 0.7333333333333333)', '[0.6, 0.8666666666666667)'];['[0.8666666666666667, 0.9333333333333333)', '[0.8666666666666667, 0.9333333333333333)'];6;3;2
36;['[0.0, 0.06666666666666667)', '[0.0, 0.13333333333333333)', '[0.0, 0.3333333333333333)', '[0.0, 0.4666666666666667)', '[0.0, infinity)'];['[0.5333333333333333, 0.8)'];['[0.7333333333333333, 0.8666666666666667)', '[0.8, 0.9333333333333333)', '[0.8666666666666667, 0.9333333333333333)'];5;1;3
36;['[0.0, 0.06666666666666667)', '[0.0, 0.13333333333333333)', '[0.0, 0.13333333333333333)', '[0.0, 0.13333333333333333)', '[0.0, 0.3333333333333333)', '[0.0, 0.4666666666666667)', '[0.0, infinity)'];['[0.6666666666666666, 0.8)', '[0.5333333333333333, 0.8)'];['[0.8666666666666667, 0.9333333333333333)', '[0.8666666666666667, 0.9333333333333333)', '[0.8, 0.9333333333333333)', '[0.8666666666666667, 0.9333333333333333)'];7;2;4
37;['[0.0, infinity)'];['[0.0, 0.6)', '[0.2, 0.6)', '[0.5333333333333333, 0.6)'];['[0.6666666666666666, 0.7333333333333333)', '[0.6666666666666666, 0.7333333333333333)', '[0.6, 0.7333333333333333)', '[0.6666666666666666, 0.7333333333333333)', '[0.6, 0.8)'];1;3;5
37;['[0.0, infinity)'];['[0.0, 0.06666666666666667)', '[0.5333333333333333, 0.6)', '[0.26666666666666666, 0.6)', '[0.0, 0.6)'];['[0.6666666666666666, 0.7333333333333333)', '[0.6666666666666666, 0.7333333333333333)', '[0.6666666666666666, 0.8)', '[0.7333333333333333, 0.8)'];1;4;4
37;['[0.0, infinity)'];['[0.0, 0.5333333333333333)', '[0.4, 0.5333333333333333)', '[0.2, 0.5333333333333333)'];['[0.6666666666666666, 0.7333333333333333)', '[0.6666666666666666, 0.7333333333333333)', '[0.6, 0.7333333333333333)', '[0.7333333333333333, 0.8)'];1;3;4
38;['[0.0, 0.2)', '[0.0, infinity)'];['[0.4, 0.6)', '[0.06666666666666667, 0.6)'];['[0.6666666666666666, 0.8)', '[0.7333333333333333, 0.8)', '[0.7333333333333333, 0.8)', '[0.6666666666666666, 0.8)', '[0.7333333333333333, 0.8)'];2;2;5
38;['[0.0, 0.2)', '[0.0, infinity)'];['[0.0, 0.06666666666666667)', '[0.5333333333333333, 0.6666666666666666)', '[0.0, 0.6666666666666666)'];['[0.7333333333333333, 0.8)', '[0.7333333333333333, 0.8)', '[0.7333333333333333, 0.8)', '[0.6666666666666666, 0.8)', '[0.8, 0.8666666666666667)'];2;3;5
38;['[0.0, 0.13333333333333333)', '[0.0, infinity)'];['[0.0, 0.06666666666666667)', '[0.4666666666666667, 0.6666666666666666)', '[0.0, 0.6666666666666666)'];['[0.7333333333333333, 0.8)', '[0.7333333333333333, 0.8)', '[0.7333333333333333, 0.8)', '[0.7333333333333333, 0.8)', '[0.7333333333333333, 0.8)', '[0.6666666666666666, 0.8)'];2;3;6
39;['[0.0, 0.06666666666666667)', '[0.0, 0.06666666666666667)', '[0.0, 0.06666666666666667)', '[0.0, 0.06666666666666667)', '[0.0, 0.13333333333333333)', '[0.0, 0.13333333333333333)', '[0.0, 0.13333333333333333)', '[0.0, 0.2)', '[0.0, 0.2)', '[0.0, 0.26666666666666666)', '[0.0, 0.26666666666666666)', '[0.0, 0.3333333333333333)', '[0.0, 0.3333333333333333)', '[0.0, infinity)'];['[0.5333333333333333, 0.6666666666666666)', '[0.4, 0.6666666666666666)', '[0.5333333333333333, 0.6666666666666666)', '[0.5333333333333333, 0.7333333333333333)', '[0.4, 0.7333333333333333)'];['[0.8, 0.8666666666666667)', '[0.8, 0.8666666666666667)', '[0.8, 0.8666666666666667)', '[0.7333333333333333, 0.8666666666666667)', '[0.8666666666666667, 0.9333333333333333)', '[0.8666666666666667, 0.9333333333333333)', '[0.8666666666666667, 0.9333333333333333)'];14;5;7
39;['[0.0, 0.06666666666666667)', '[0.0, 0.06666666666666667)', '[0.0, 0.13333333333333333)', '[0.0, 0.2)', '[0.0, 0.2)', '[0.0, 0.2)', '[0.0, 0.2)', '[0.0, 0.26666666666666666)', '[0.0, 0.26666666666666666)', '[0.0, 0.4)', '[0.0, infinity)'];['[0.4666666666666667, 0.6666666666666666)', '[0.5333333333333333, 0.6666666666666666)', '[0.4666666666666667, 0.6666666666666666)', '[0.4, 0.6666666666666666)', '[0.26666666666666666, 0.7333333333333333)'];['[0.7333333333333333, 0.8666666666666667)', '[0.6666666666666666, 0.8666666666666667)', '[0.8666666666666667, 0.9333333333333333)', '[0.8, 0.9333333333333333)'];11;5;4
39;['[0.0, 0.06666666666666667)', '[0.0, 0.06666666666666667)', '[0.0, 0.13333333333333333)', '[0.0, 0.13333333333333333)', '[0.0, 0.13333333333333333)', '[0.0, 0.13333333333333333)', '[0.0, 0.13333333333333333)', '[0.0, 0.2)', '[0.0, 0.26666666666666666)', '[0.0, 0.3333333333333333)', '[0.0, 0.3333333333333333)', '[0.0, infinity)'];['[0.4, 0.6666666666666666)', '[0.3333333333333333, 0.6666666666666666)', '[0.6, 0.6666666666666666)', '[0.4, 0.6666666666666666)', '[0.4, 0.7333333333333333)'];['[0.7333333333333333, 0.8)', '[0.8, 0.8666666666666667)', '[0.7333333333333333, 0.8666666666666667)', '[0.8666666666666667, 0.9333333333333333)', '[0.6666666666666666, 0.9333333333333333)', '[0.8666666666666667, 0.9333333333333333)', '[0.8666666666666667, 0.9333333333333333)'];12;5;7
41;['[0.0, 0.06666666666666667)', '[0.0, 0.13333333333333333)', '[0.0, 0.2)', '[0.0, 0.2)', '[0.0, 0.6)', '[0.0, infinity)'];['[0.3333333333333333, 0.6)', '[0.26666666666666666, 0.6666666666666666)', '[0.26666666666666666, 0.6666666666666666)', '[0.6, 0.7333333333333333)'];['[0.6, 0.6666666666666666)', '[0.7333333333333333, 0.8)', '[0.7333333333333333, 0.8)', '[0.7333333333333333, 0.8)', '[0.7333333333333333, 0.8)', '[0.7333333333333333, 0.8)', '[0.7333333333333333, 0.8)', '[0.7333333333333333, 0.8)', '[0.6666666666666666, 0.8666666666666667)', '[0.7333333333333333, 0.8666666666666667)'];6;4;10
41;['[0.0, 0.06666666666666667)', '[0.0, 0.13333333333333333)', '[0.0, 0.13333333333333333)', '[0.0, 0.26666666666666666)', '[0.0, 0.6)', '[0.0, infinity)'];['[0.4666666666666667, 0.5333333333333333)', '[0.26666666666666666, 0.6)', '[0.26666666666666666, 0.6666666666666666)', '[0.6, 0.7333333333333333)'];['[0.6666666666666666, 0.7333333333333333)', '[0.7333333333333333, 0.8)', '[0.7333333333333333, 0.8)', '[0.7333333333333333, 0.8)', '[0.6666666666666666, 0.8)', '[0.7333333333333333, 0.8666666666666667)', '[0.7333333333333333, 0.8666666666666667)'];6;4;7
41;['[0.0, 0.06666666666666667)', '[0.0, 0.13333333333333333)', '[0.0, 0.13333333333333333)', '[0.0, 0.2)', '[0.0, 0.5333333333333333)', '[0.0, infinity)'];['[0.3333333333333333, 0.6)', '[0.2, 0.6666666666666666)', '[0.26666666666666666, 0.6666666666666666)', '[0.6, 0.7333333333333333)'];['[0.6666666666666666, 0.7333333333333333)', '[0.6666666666666666, 0.7333333333333333)', '[0.7333333333333333, 0.8)', '[0.6666666666666666, 0.8)', '[0.7333333333333333, 0.8)', '[0.7333333333333333, 0.8)', '[0.7333333333333333, 0.8)', '[0.7333333333333333, 0.8666666666666667)'];6;4;8
42;['[0.0, 0.3333333333333333)', '[0.0, infinity)'];['[0.0, 0.06666666666666667)', '[0.3333333333333333, 0.4666666666666667)', '[0.06666666666666667, 0.5333333333333333)', '[0.0, 0.5333333333333333)', '[0.4666666666666667, 0.6)', '[0.0, 0.6)'];['[0.6, 0.6666666666666666)', '[0.6, 0.6666666666666666)', '[0.6, 0.6666666666666666)', '[0.6, 0.7333333333333333)'];2;6;4
42;['[0.0, 0.06666666666666667)', '[0.0, 0.2)', '[0.0, infinity)'];['[0.26666666666666666, 0.5333333333333333)', '[0.2, 0.5333333333333333)', '[0.13333333333333333, 0.5333333333333333)', '[0.4666666666666667, 0.6)', '[0.3333333333333333, 0.6)'];['[0.5333333333333333, 0.6)', '[0.6, 0.6666666666666666)', '[0.6, 0.6666666666666666)', '[0.6, 0.7333333333333333)', '[0.5333333333333333, 0.7333333333333333)', '[0.6666666666666666, 0.7333333333333333)', '[0.6, 0.7333333333333333)', '[0.6666666666666666, 0.7333333333333333)', '[0.6666666666666666, 0.7333333333333333)', '[0.6666666666666666, 0.7333333333333333)', '[0.6, 0.8)'];3;5;11
42;['[0.0, 0.06666666666666667)', '[0.0, 0.26666666666666666)', '[0.0, infinity)'];['[0.3333333333333333, 0.5333333333333333)', '[0.26666666666666666, 0.5333333333333333)', '[0.2, 0.5333333333333333)', '[0.06666666666666667, 0.6)', '[0.2, 0.6)'];['[0.6666666666666666, 0.7333333333333333)', '[0.6666666666666666, 0.7333333333333333)', '[0.6666666666666666, 0.7333333333333333)', '[0.6666666666666666, 0.7333333333333333)'];3;5;4
43;['[0.0, 0.06666666666666667)', '[0.0, infinity)'];['[0.06666666666666667, 0.7333333333333333)'];['[0.7333333333333333, 0.8)'];2;1;1
43;['[0.0, 0.06666666666666667)', '[0.0, 0.2)', '[0.0, infinity)'];['[0.26666666666666666, 0.5333333333333333)', '[0.06666666666666667, 0.5333333333333333)'];[];3;2;0
43;['[0.3333333333333333, 0.5333333333333333)', '[0.13333333333333333, 0.6)'];[];[];2;0;0
44;['[0.0, 0.06666666666666667)', '[0.0, 0.06666666666666667)', '[0.0, 0.4)', '[0.0, infinity)'];['[0.13333333333333333, 0.6666666666666666)', '[0.06666666666666667, 0.6666666666666666)'];['[0.6666666666666666, 0.7333333333333333)', '[0.7333333333333333, 0.8)', '[0.7333333333333333, 0.8)'];4;2;3
44;['[0.0, 0.06666666666666667)', '[0.0, 0.06666666666666667)', '[0.0, 0.3333333333333333)', '[0.0, infinity)'];['[0.13333333333333333, 0.6)', '[0.0, 0.6666666666666666)'];['[0.6666666666666666, 0.7333333333333333)', '[0.8, 0.8666666666666667)', '[0.8, 0.8666666666666667)'];4;2;3
44;['[0.0, 0.06666666666666667)', '[0.0, 0.2)', '[0.0, infinity)'];['[0.2, 0.6)', '[0.06666666666666667, 0.6666666666666666)'];['[0.6, 0.7333333333333333)', '[0.6666666666666666, 0.7333333333333333)', '[0.6666666666666666, 0.7333333333333333)', '[0.7333333333333333, 0.8)'];3;2;4
45;['[0.0, 0.13333333333333333)', '[0.0, 0.13333333333333333)', '[0.0, 0.3333333333333333)', '[0.0, 0.4)', '[0.0, infinity)'];['[0.4666666666666667, 0.6)', '[0.4, 0.6666666666666666)', '[0.4, 0.6666666666666666)', '[0.06666666666666667, 0.6666666666666666)', '[0.6, 0.7333333333333333)'];['[0.7333333333333333, 0.8)', '[0.7333333333333333, 0.8)', '[0.7333333333333333, 0.8)', '[0.6666666666666666, 0.8)', '[0.6666666666666666, 0.8666666666666667)', '[0.7333333333333333, 0.8666666666666667)', '[0.8, 0.8666666666666667)'];5;5;7
45;['[0.0, 0.06666666666666667)', '[0.0, 0.2)', '[0.0, 0.2)', '[0.0, 0.26666666666666666)', '[0.0, 0.26666666666666666)', '[0.0, infinity)'];['[0.5333333333333333, 0.6)', '[0.4666666666666667, 0.6)', '[0.06666666666666667, 0.6666666666666666)', '[0.4, 0.6666666666666666)', '[0.5333333333333333, 0.7333333333333333)'];['[0.7333333333333333, 0.8)', '[0.7333333333333333, 0.8)', '[0.7333333333333333, 0.8)', '[0.7333333333333333, 0.8)', '[0.6666666666666666, 0.8666666666666667)', '[0.8666666666666667, 0.9333333333333333)', '[0.8, 0.9333333333333333)'];6;5;7
45;['[0.0, 0.06666666666666667)', '[0.0, 0.3333333333333333)', '[0.0, 0.3333333333333333)', '[0.0, infinity)'];['[0.4666666666666667, 0.6)', '[0.4, 0.6)', '[0.4, 0.6666666666666666)', '[0.06666666666666667, 0.6666666666666666)', '[0.4666666666666667, 0.7333333333333333)'];['[0.6666666666666666, 0.8)', '[0.7333333333333333, 0.8)', '[0.6666666666666666, 0.8)', '[0.8, 0.8666666666666667)', '[0.8, 0.8666666666666667)'];4;5;5
61;['[0.0, 0.06666666666666667)', '[0.0, infinity)'];['[0.4, 0.5333333333333333)', '[0.2, 0.6)', '[0.0, 0.6666666666666666)'];['[0.6666666666666666, 0.7333333333333333)'];2;3;1
61;['[0.0, 0.26666666666666666)', '[0.0, infinity)'];['[0.0, 0.5333333333333333)', '[0.5333333333333333, 0.6)', '[0.06666666666666667, 0.6666666666666666)'];['[0.6666666666666666, 0.7333333333333333)', '[0.6, 0.7333333333333333)', '[0.6666666666666666, 0.7333333333333333)', '[0.6666666666666666, 0.7333333333333333)', '[0.6666666666666666, 0.7333333333333333)', '[0.6666666666666666, 0.8)'];2;3;6
61;['[0.0, 0.06666666666666667)', '[0.0, infinity)'];['[0.4, 0.5333333333333333)', '[0.2, 0.6)', '[0.06666666666666667, 0.6)'];['[0.6666666666666666, 0.7333333333333333)', '[0.6666666666666666, 0.7333333333333333)', '[0.6666666666666666, 0.8)'];2;3;3
62;['[0.0, infinity)'];['[0.2, 0.6)', '[0.06666666666666667, 0.6)', '[0.06666666666666667, 0.6666666666666666)'];['[0.6666666666666666, 0.7333333333333333)', '[0.7333333333333333, 0.8)', '[0.7333333333333333, 0.8)', '[0.6666666666666666, 0.8)', '[0.7333333333333333, 0.8)', '[0.7333333333333333, 0.8)', '[0.7333333333333333, 0.8)'];1;3;7
62;['[0.0, infinity)'];['[0.06666666666666667, 0.6666666666666666)', '[0.26666666666666666, 0.6666666666666666)', '[0.0, 0.6666666666666666)'];['[0.7333333333333333, 0.8)', '[0.7333333333333333, 0.8)', '[0.7333333333333333, 0.8)', '[0.7333333333333333, 0.8)', '[0.8, 0.8666666666666667)'];1;3;5
62;['[0.0, 0.06666666666666667)', '[0.0, infinity)'];['[0.06666666666666667, 0.6)', '[0.3333333333333333, 0.6)', '[0.13333333333333333, 0.6666666666666666)'];['[0.6, 0.6666666666666666)', '[0.6666666666666666, 0.7333333333333333)', '[0.6666666666666666, 0.7333333333333333)', '[0.6666666666666666, 0.8)', '[0.6666666666666666, 0.8)', '[0.7333333333333333, 0.8)'];2;3;6
63;['[0.0, 0.06666666666666667)', '[0.0, 0.13333333333333333)', '[0.0, 0.13333333333333333)', '[0.0, 0.26666666666666666)', '[0.0, 0.26666666666666666)', '[0.0, 0.26666666666666666)', '[0.0, 0.4)', '[0.0, infinity)'];['[0.5333333333333333, 0.6)', '[0.4, 0.7333333333333333)', '[0.3333333333333333, 0.7333333333333333)'];['[0.8, 0.8666666666666667)', '[0.8, 0.8666666666666667)', '[0.8, 0.8666666666666667)', '[0.8666666666666667, 0.9333333333333333)', '[0.8666666666666667, 0.9333333333333333)'];8;3;5
63;['[0.0, 0.06666666666666667)', '[0.0, 0.06666666666666667)', '[0.0, 0.2)', '[0.0, 0.2)', '[0.0, 0.26666666666666666)', '[0.0, 0.3333333333333333)', '[0.0, 0.3333333333333333)', '[0.0, infinity)'];['[0.5333333333333333, 0.7333333333333333)', '[0.4666666666666667, 0.7333333333333333)', '[0.26666666666666666, 0.7333333333333333)'];['[0.7333333333333333, 0.8)', '[0.8, 0.8666666666666667)', '[0.8, 0.8666666666666667)', '[0.8, 0.8666666666666667)', '[0.8666666666666667, 0.9333333333333333)', '[0.8666666666666667, 0.9333333333333333)', '[0.8666666666666667, 0.9333333333333333)'];8;3;7
63;['[0.0, 0.06666666666666667)', '[0.0, 0.2)', '[0.0, 0.26666666666666666)', '[0.0, 0.26666666666666666)', '[0.0, 0.26666666666666666)', '[0.0, 0.4666666666666667)', '[0.0, infinity)'];['[0.4666666666666667, 0.6)', '[0.4, 0.6666666666666666)', '[0.3333333333333333, 0.7333333333333333)'];['[0.7333333333333333, 0.8)', '[0.7333333333333333, 0.8)', '[0.8, 0.8666666666666667)', '[0.7333333333333333, 0.8666666666666667)', '[0.8666666666666667, 0.9333333333333333)'];7;3;5
64;['[0.0, 0.06666666666666667)', '[0.0, 0.2)', '[0.0, 0.2)', '[0.0, infinity)'];['[0.13333333333333333, 0.6666666666666666)', '[0.2, 0.7333333333333333)', '[0.5333333333333333, 0.7333333333333333)', '[0.6666666666666666, 0.7333333333333333)'];['[0.7333333333333333, 0.8)', '[0.7333333333333333, 0.8)', '[0.7333333333333333, 0.8)', '[0.8, 0.8666666666666667)', '[0.8, 0.8666666666666667)'];4;4;5
64;['[0.0, 0.06666666666666667)', '[0.0, 0.06666666666666667)', '[0.0, 0.06666666666666667)', '[0.0, 0.13333333333333333)', '[0.0, 0.13333333333333333)', '[0.0, 0.13333333333333333)', '[0.0, infinity)'];['[0.2, 0.6)', '[0.5333333333333333, 0.6666666666666666)', '[0.13333333333333333, 0.6666666666666666)'];['[0.6666666666666666, 0.7333333333333333)', '[0.6666666666666666, 0.8)', '[0.7333333333333333, 0.8)', '[0.7333333333333333, 0.8)', '[0.7333333333333333, 0.8)', '[0.7333333333333333, 0.8)'];7;3;6
64;['[0.0, 0.13333333333333333)', '[0.0, 0.2)', '[0.0, infinity)'];['[0.5333333333333333, 0.6)', '[0.2, 0.6)', '[0.13333333333333333, 0.6)', '[0.5333333333333333, 0.6666666666666666)'];['[0.6666666666666666, 0.7333333333333333)', '[0.6666666666666666, 0.7333333333333333)', '[0.7333333333333333, 0.8)', '[0.6666666666666666, 0.8)', '[0.7333333333333333, 0.8)'];3;4;5
66;['[0.0, 0.06666666666666667)', '[0.0, 0.13333333333333333)', '[0.0, 0.13333333333333333)', '[0.0, 0.2)', '[0.0, infinity)'];['[0.5333333333333333, 0.6)', '[0.26666666666666666, 0.7333333333333333)', '[0.13333333333333333, 0.7333333333333333)'];['[0.7333333333333333, 0.8)', '[0.7333333333333333, 0.8)', '[0.7333333333333333, 0.8)'];5;3;3
66;['[0.0, 0.06666666666666667)', '[0.0, 0.06666666666666667)', '[0.0, 0.13333333333333333)', '[0.0, 0.26666666666666666)', '[0.0, infinity)'];['[0.4, 0.6)', '[0.13333333333333333, 0.6)', '[0.26666666666666666, 0.6666666666666666)'];['[0.6666666666666666, 0.7333333333333333)', '[0.6666666666666666, 0.7333333333333333)', '[0.7333333333333333, 0.8)', '[0.6666666666666666, 0.8666666666666667)'];5;3;4
66;['[0.0, 0.06666666666666667)', '[0.0, 0.06666666666666667)', '[0.0, 0.06666666666666667)', '[0.0, 0.13333333333333333)', '[0.0, 0.13333333333333333)', '[0.0, 0.26666666666666666)', '[0.0, infinity)'];['[0.4, 0.6)', '[0.3333333333333333, 0.6666666666666666)', '[0.2, 0.6666666666666666)'];['[0.7333333333333333, 0.8)', '[0.7333333333333333, 0.8)'];7;3;2
67;['[0.0, 0.26666666666666666)', '[0.0, infinity)'];['[0.4, 0.5333333333333333)', '[0.0, 0.5333333333333333)', '[0.0, 0.6)'];['[0.6, 0.7333333333333333)'];2;3;1
67;['[0.0, 0.2)', '[0.0, 0.26666666666666666)', '[0.0, infinity)'];['[0.0, 0.06666666666666667)', '[0.4, 0.5333333333333333)', '[0.0, 0.5333333333333333)', '[0.13333333333333333, 0.5333333333333333)'];['[0.6, 0.6666666666666666)', '[0.6, 0.6666666666666666)', '[0.6666666666666666, 0.7333333333333333)', '[0.6, 0.7333333333333333)'];3;4;4
67;['[0.0, 0.13333333333333333)', '[0.0, 0.4)', '[0.0, infinity)'];['[0.4, 0.4666666666666667)', '[0.06666666666666667, 0.5333333333333333)', '[0.0, 0.5333333333333333)'];['[0.5333333333333333, 0.6)', '[0.6, 0.7333333333333333)', '[0.6, 0.7333333333333333)', '[0.6666666666666666, 0.7333333333333333)'];3;3;4
68;['[0.0, 0.06666666666666667)', '[0.0, 0.06666666666666667)', '[0.0, 0.26666666666666666)', '[0.0, infinity)'];['[0.3333333333333333, 0.6666666666666666)', '[0.2, 0.6666666666666666)', '[0.2, 0.6666666666666666)'];['[0.6666666666666666, 0.7333333333333333)', '[0.7333333333333333, 0.8)', '[0.6666666666666666, 0.8)', '[0.8, 0.8666666666666667)'];4;3;4
68;['[0.0, 0.06666666666666667)', '[0.0, 0.13333333333333333)', '[0.0, 0.13333333333333333)', '[0.0, 0.3333333333333333)', '[0.0, infinity)'];['[0.26666666666666666, 0.6)', '[0.3333333333333333, 0.6)', '[0.13333333333333333, 0.6)'];['[0.6666666666666666, 0.7333333333333333)', '[0.6666666666666666, 0.7333333333333333)', '[0.6666666666666666, 0.8)'];5;3;3
68;['[0.0, 0.06666666666666667)', '[0.0, 0.06666666666666667)', '[0.0, 0.26666666666666666)', '[0.0, infinity)'];['[0.3333333333333333, 0.6)', '[0.2, 0.6666666666666666)', '[0.13333333333333333, 0.6666666666666666)'];['[0.6666666666666666, 0.7333333333333333)', '[0.7333333333333333, 0.8)', '[0.7333333333333333, 0.8)'];4;3;3
69;['[0.0, 0.3333333333333333)', '[0.0, 0.4666666666666667)', '[0.0, infinity)'];['[0.4666666666666667, 0.6666666666666666)', '[0.06666666666666667, 0.7333333333333333)'];['[0.7333333333333333, 0.8)', '[0.7333333333333333, 0.8666666666666667)', '[0.8, 0.8666666666666667)'];3;2;3
69;['[0.0, 0.13333333333333333)', '[0.0, infinity)'];['[0.0, 0.06666666666666667)', '[0.3333333333333333, 0.6)', '[0.0, 0.6)'];[];2;3;0
69;['[0.5333333333333333, 0.6666666666666666)', '[0.0, 0.6666666666666666)'];[];[];2;0;0
70;['[0.0, 0.06666666666666667)', '[0.0, 0.13333333333333333)', '[0.0, infinity)'];['[0.0, 0.06666666666666667)', '[0.0, 0.6666666666666666)'];['[0.7333333333333333, 0.8)', '[0.7333333333333333, 0.8)', '[0.7333333333333333, 0.8)', '[0.7333333333333333, 0.8)', '[0.7333333333333333, 0.8)', '[0.7333333333333333, 0.8)'];3;2;6
70;['[0.0, 0.06666666666666667)', '[0.0, 0.13333333333333333)', '[0.0, infinity)'];['[0.5333333333333333, 0.6)', '[0.06666666666666667, 0.7333333333333333)'];['[0.7333333333333333, 0.8)', '[0.7333333333333333, 0.8)'];3;2;2
70;['[0.0, 0.06666666666666667)', '[0.0, 0.06666666666666667)', '[0.0, 0.06666666666666667)', '[0.0, infinity)'];['[0.0, 0.6666666666666666)'];['[0.7333333333333333, 0.8)', '[0.7333333333333333, 0.8)'];4;1;2
81;['[0.0, 0.06666666666666667)', '[0.0, 0.06666666666666667)', '[0.0, 0.2)', '[0.0, infinity)'];['[0.4, 0.6666666666666666)', '[0.2, 0.7333333333333333)'];['[0.8, 0.8666666666666667)', '[0.8, 0.8666666666666667)', '[0.8, 0.8666666666666667)', '[0.8, 0.8666666666666667)'];4;2;4
81;['[0.0, 0.2)', '[0.0, infinity)'];['[0.4, 0.6666666666666666)', '[0.06666666666666667, 0.7333333333333333)'];['[0.8, 0.8666666666666667)'];2;2;1
81;['[0.0, 0.2)', '[0.0, infinity)'];['[0.6, 0.7333333333333333)', '[0.13333333333333333, 0.7333333333333333)'];['[0.8, 0.8666666666666667)', '[0.8, 0.8666666666666667)'];2;2;2
82;['[0.0, 0.06666666666666667)', '[0.0, 0.4)', '[0.0, infinity)'];['[0.2, 0.5333333333333333)', '[0.06666666666666667, 0.6)', '[0.4666666666666667, 0.6666666666666666)'];['[0.7333333333333333, 0.8)', '[0.6666666666666666, 0.8)', '[0.7333333333333333, 0.8)', '[0.6666666666666666, 0.8)'];3;3;4
82;['[0.0, 0.06666666666666667)', '[0.0, 0.2)', '[0.0, infinity)'];['[0.3333333333333333, 0.6)', '[0.3333333333333333, 0.6666666666666666)', '[0.0, 0.6666666666666666)'];['[0.6666666666666666, 0.7333333333333333)', '[0.6666666666666666, 0.7333333333333333)', '[0.7333333333333333, 0.8)', '[0.7333333333333333, 0.8)'];3;3;4
82;['[0.0, 0.2)', '[0.0, infinity)'];['[0.13333333333333333, 0.6)', '[0.0, 0.6)', '[0.3333333333333333, 0.6666666666666666)'];['[0.6666666666666666, 0.7333333333333333)', '[0.6666666666666666, 0.7333333333333333)', '[0.6666666666666666, 0.7333333333333333)', '[0.7333333333333333, 0.8)', '[0.7333333333333333, 0.8)'];2;3;5
83;['[0.0, 0.06666666666666667)', '[0.0, 0.13333333333333333)', '[0.0, 0.2)', '[0.0, 0.26666666666666666)', '[0.0, 0.3333333333333333)', '[0.0, infinity)'];['[0.3333333333333333, 0.6666666666666666)', '[0.06666666666666667, 0.6666666666666666)'];['[0.6666666666666666, 0.7333333333333333)', '[0.6666666666666666, 0.8)', '[0.7333333333333333, 0.8)', '[0.8, 0.8666666666666667)'];6;2;4
83;['[0.0, 0.2)', '[0.0, 0.26666666666666666)', '[0.0, 0.3333333333333333)', '[0.0, infinity)'];['[0.26666666666666666, 0.6)', '[0.0, 0.7333333333333333)'];['[0.7333333333333333, 0.8)', '[0.8, 0.8666666666666667)'];4;2;2
83;['[0.0, 0.06666666666666667)', '[0.0, 0.13333333333333333)', '[0.0, 0.2)', '[0.0, 0.26666666666666666)', '[0.0, 0.26666666666666666)', '[0.0, infinity)'];['[0.3333333333333333, 0.6666666666666666)', '[0.0, 0.6666666666666666)'];['[0.6666666666666666, 0.8)', '[0.7333333333333333, 0.8)', '[0.7333333333333333, 0.8)', '[0.7333333333333333, 0.8)', '[0.8, 0.8666666666666667)', '[0.7333333333333333, 0.8666666666666667)'];6;2;6
86;['[0.0, 0.06666666666666667)', '[0.0, infinity)'];['[0.0, 0.06666666666666667)', '[0.06666666666666667, 0.7333333333333333)'];['[0.7333333333333333, 0.8)', '[0.8, 0.8666666666666667)'];2;2;2
86;['[0.0, infinity)'];['[0.0, 0.7333333333333333)'];['[0.8, 0.8666666666666667)', '[0.8, 0.8666666666666667)', '[0.8, 0.8666666666666667)'];1;1;3
86;['[0.0, infinity)'];['[0.0, 0.7333333333333333)'];['[0.7333333333333333, 0.8)', '[0.8, 0.8666666666666667)'];1;1;2
87;['[0.0, 0.06666666666666667)', '[0.0, 0.3333333333333333)', '[0.0, infinity)'];['[0.4, 0.6)', '[0.13333333333333333, 0.7333333333333333)'];['[0.7333333333333333, 0.8)'];3;2;1
87;['[0.0, 0.3333333333333333)', '[0.0, infinity)'];['[0.0, 0.06666666666666667)', '[0.4666666666666667, 0.6)', '[0.26666666666666666, 0.7333333333333333)'];['[0.7333333333333333, 0.8)', '[0.8, 0.8666666666666667)'];2;3;2
87;['[0.0, 0.06666666666666667)', '[0.0, 0.3333333333333333)', '[0.0, infinity)'];['[0.4666666666666667, 0.6666666666666666)', '[0.3333333333333333, 0.7333333333333333)'];['[0.7333333333333333, 0.8)', '[0.7333333333333333, 0.8666666666666667)'];3;2;2
90;['[0.0, 0.06666666666666667)', '[0.0, 0.13333333333333333)', '[0.0, 0.13333333333333333)', '[0.0, 0.13333333333333333)', '[0.0, 0.4)', '[0.0, 0.4666666666666667)', '[0.0, infinity)'];['[0.4, 0.6)', '[0.4, 0.6666666666666666)', '[0.6, 0.7333333333333333)'];['[0.8, 0.8666666666666667)'];7;3;1
90;['[0.0, 0.06666666666666667)', '[0.0, 0.06666666666666667)', '[0.0, 0.06666666666666667)', '[0.0, 0.13333333333333333)', '[0.0, 0.4666666666666667)', '[0.0, 0.5333333333333333)', '[0.0, infinity)'];['[0.4, 0.7333333333333333)', '[0.4666666666666667, 0.7333333333333333)', '[0.6, 0.8)'];['[0.8, 0.8666666666666667)'];7;3;1
90;['[0.0, 0.06666666666666667)', '[0.0, 0.06666666666666667)', '[0.0, 0.13333333333333333)', '[0.0, 0.13333333333333333)', '[0.0, 0.2)', '[0.0, 0.4666666666666667)', '[0.0, 0.6)', '[0.0, infinity)'];['[0.4666666666666667, 0.6)', '[0.3333333333333333, 0.7333333333333333)', '[0.6, 0.7333333333333333)'];['[0.7333333333333333, 0.8)', '[0.8, 0.8666666666666667)', '[0.8, 0.8666666666666667)'];8;3;3
91;['[0.0, 0.06666666666666667)', '[0.0, 0.13333333333333333)', '[0.0, 0.13333333333333333)', '[0.0, 0.13333333333333333)', '[0.0, 0.2)', '[0.0, 0.4)', '[0.0, infinity)'];['[0.26666666666666666, 0.6666666666666666)', '[0.6, 0.6666666666666666)', '[0.4666666666666667, 0.7333333333333333)'];['[0.7333333333333333, 0.8)', '[0.6666666666666666, 0.8666666666666667)', '[0.8, 0.8666666666666667)', '[0.8, 0.8666666666666667)', '[0.7333333333333333, 0.8666666666666667)', '[0.8, 0.9333333333333333)', '[0.8, 0.9333333333333333)'];7;3;7
91;['[0.0, 0.06666666666666667)', '[0.0, 0.06666666666666667)', '[0.0, 0.13333333333333333)', '[0.0, 0.13333333333333333)', '[0.0, 0.2)', '[0.0, 0.26666666666666666)', '[0.0, 0.26666666666666666)', '[0.0, 0.6)', '[0.0, infinity)'];['[0.4666666666666667, 0.6666666666666666)', '[0.4, 0.7333333333333333)', '[0.6, 0.7333333333333333)'];['[0.7333333333333333, 0.8)', '[0.8, 0.8666666666666667)', '[0.7333333333333333, 0.8666666666666667)', '[0.8666666666666667, 0.9333333333333333)', '[0.8, 0.9333333333333333)'];9;3;5
91;['[0.0, 0.13333333333333333)', '[0.0, 0.13333333333333333)', '[0.0, 0.13333333333333333)', '[0.0, 0.2)', '[0.0, 0.26666666666666666)', '[0.0, 0.3333333333333333)', '[0.0, 0.5333333333333333)', '[0.0, infinity)'];['[0.26666666666666666, 0.6666666666666666)', '[0.4666666666666667, 0.7333333333333333)', '[0.6, 0.7333333333333333)'];['[0.8, 0.8666666666666667)', '[0.7333333333333333, 0.8666666666666667)', '[0.8, 0.8666666666666667)', '[0.8, 0.8666666666666667)', '[0.8, 0.9333333333333333)', '[0.7333333333333333, 0.9333333333333333)'];8;3;6
92;['[0.0, 0.06666666666666667)', '[0.0, 0.06666666666666667)', '[0.0, 0.26666666666666666)', '[0.0, infinity)'];['[0.3333333333333333, 0.6)', '[0.0, 0.6)', '[0.2, 0.6)'];['[0.6666666666666666, 0.7333333333333333)', '[0.6666666666666666, 0.7333333333333333)', '[0.6666666666666666, 0.7333333333333333)', '[0.6666666666666666, 0.7333333333333333)', '[0.6666666666666666, 0.7333333333333333)'];4;3;5
92;['[0.0, 0.13333333333333333)', '[0.0, 0.2)', '[0.0, infinity)'];['[0.0, 0.06666666666666667)', '[0.0, 0.6)', '[0.4, 0.6)', '[0.06666666666666667, 0.6)'];['[0.6666666666666666, 0.7333333333333333)', '[0.6666666666666666, 0.7333333333333333)', '[0.6666666666666666, 0.7333333333333333)', '[0.6666666666666666, 0.7333333333333333)', '[0.6666666666666666, 0.7333333333333333)'];3;4;5
92;['[0.0, 0.06666666666666667)', '[0.0, 0.13333333333333333)', '[0.0, infinity)'];['[0.4, 0.6)', '[0.0, 0.6)', '[0.2, 0.6666666666666666)'];['[0.6, 0.7333333333333333)', '[0.6666666666666666, 0.7333333333333333)', '[0.6666666666666666, 0.8)', '[0.6666666666666666, 0.8)'];3;3;4
94;['[0.0, 0.06666666666666667)', '[0.0, 0.06666666666666667)', '[0.0, 0.13333333333333333)', '[0.0, 0.2)', '[0.0, 0.26666666666666666)', '[0.0, 0.26666666666666666)', '[0.0, infinity)'];['[0.3333333333333333, 0.6)', '[0.5333333333333333, 0.6)', '[0.3333333333333333, 0.6666666666666666)', '[0.13333333333333333, 0.6666666666666666)'];['[0.6666666666666666, 0.7333333333333333)', '[0.6666666666666666, 0.8)', '[0.7333333333333333, 0.8)', '[0.6666666666666666, 0.8)', '[0.7333333333333333, 0.8666666666666667)'];7;4;5
94;['[0.0, 0.06666666666666667)', '[0.0, 0.13333333333333333)', '[0.0, 0.26666666666666666)', '[0.0, 0.26666666666666666)', '[0.0, infinity)'];['[0.13333333333333333, 0.6666666666666666)', '[0.26666666666666666, 0.6666666666666666)', '[0.5333333333333333, 0.6666666666666666)', '[0.4, 0.7333333333333333)'];['[0.6666666666666666, 0.7333333333333333)', '[0.7333333333333333, 0.8)', '[0.6666666666666666, 0.8)', '[0.8, 0.8666666666666667)', '[0.8, 0.8666666666666667)', '[0.8, 0.8666666666666667)'];5;4;6
94;['[0.0, 0.06666666666666667)', '[0.0, 0.06666666666666667)', '[0.0, 0.13333333333333333)', '[0.0, 0.13333333333333333)', '[0.0, 0.2)', '[0.0, infinity)'];['[0.3333333333333333, 0.6666666666666666)', '[0.2, 0.6666666666666666)', '[0.4666666666666667, 0.7333333333333333)', '[0.26666666666666666, 0.7333333333333333)'];['[0.6666666666666666, 0.7333333333333333)', '[0.6666666666666666, 0.7333333333333333)', '[0.6666666666666666, 0.7333333333333333)', '[0.7333333333333333, 0.8)', '[0.7333333333333333, 0.8)', '[0.7333333333333333, 0.8)', '[0.8, 0.8666666666666667)', '[0.7333333333333333, 0.8666666666666667)'];6;4;8
96;['[0.0, 0.06666666666666667)', '[0.0, 0.4666666666666667)', '[0.0, infinity)'];['[0.0, 0.6)'];['[0.6666666666666666, 0.7333333333333333)', '[0.6666666666666666, 0.7333333333333333)', '[0.6666666666666666, 0.7333333333333333)', '[0.7333333333333333, 0.8)'];3;1;4
96;['[0.0, 0.06666666666666667)', '[0.0, 0.4666666666666667)', '[0.0, infinity)'];['[0.0, 0.06666666666666667)', '[0.0, 0.6666666666666666)'];['[0.6666666666666666, 0.7333333333333333)', '[0.7333333333333333, 0.8)', '[0.6666666666666666, 0.8)', '[0.6666666666666666, 0.8)'];3;2;4
96;['[0.0, 0.06666666666666667)', '[0.0, 0.4)', '[0.0, infinity)'];['[0.0, 0.06666666666666667)', '[0.5333333333333333, 0.6666666666666666)', '[0.0, 0.6666666666666666)'];['[0.6666666666666666, 0.7333333333333333)', '[0.7333333333333333, 0.8)', '[0.7333333333333333, 0.8)'];3;3;3
97;['[0.0, 0.06666666666666667)', '[0.0, 0.06666666666666667)', '[0.0, 0.06666666666666667)', '[0.0, 0.13333333333333333)', '[0.0, 0.26666666666666666)', '[0.0, infinity)'];['[0.2, 0.6666666666666666)'];['[0.6666666666666666, 0.8)'];6;1;1
97;['[0.0, 0.06666666666666667)', '[0.0, 0.13333333333333333)', '[0.0, infinity)'];['[0.6, 0.6666666666666666)', '[0.13333333333333333, 0.6666666666666666)', '[0.4666666666666667, 0.6666666666666666)'];['[0.7333333333333333, 0.8)', '[0.7333333333333333, 0.8)'];3;3;2
97;['[0.0, 0.06666666666666667)', '[0.0, 0.06666666666666667)', '[0.0, 0.13333333333333333)', '[0.0, 0.13333333333333333)', '[0.0, infinity)'];['[0.4666666666666667, 0.6)', '[0.06666666666666667, 0.6666666666666666)'];['[0.7333333333333333, 0.8)', '[0.7333333333333333, 0.8)', '[0.8, 0.8666666666666667)'];5;2;3
99;['[0.0, 0.06666666666666667)', '[0.0, infinity)'];['[0.06666666666666667, 0.13333333333333333)', '[0.13333333333333333, 0.5333333333333333)', '[0.06666666666666667, 0.6666666666666666)', '[0.06666666666666667, 0.6666666666666666)'];['[0.5333333333333333, 0.6)', '[0.7333333333333333, 0.8)', '[0.7333333333333333, 0.8)', '[0.6666666666666666, 0.8)', '[0.7333333333333333, 0.8)', '[0.7333333333333333, 0.8)'];2;4;6
99;['[0.0, 0.06666666666666667)', '[0.0, infinity)'];['[0.0, 0.06666666666666667)', '[0.0, 0.06666666666666667)', '[0.13333333333333333, 0.6)', '[0.06666666666666667, 0.6666666666666666)', '[0.06666666666666667, 0.6666666666666666)'];['[0.6, 0.6666666666666666)', '[0.7333333333333333, 0.8)', '[0.7333333333333333, 0.8)', '[0.6666666666666666, 0.8)'];2;5;4
99;['[0.0, 0.06666666666666667)', '[0.0, infinity)'];['[0.13333333333333333, 0.5333333333333333)', '[0.5333333333333333, 0.6)', '[0.13333333333333333, 0.6)', '[0.13333333333333333, 0.6666666666666666)'];['[0.5333333333333333, 0.6)', '[0.6666666666666666, 0.7333333333333333)', '[0.6666666666666666, 0.8)', '[0.7333333333333333, 0.8)'];2;4;4
100;['[0.0, 0.13333333333333333)', '[0.0, infinity)'];['[0.26666666666666666, 0.6666666666666666)', '[0.3333333333333333, 0.6666666666666666)'];['[0.7333333333333333, 0.8)', '[0.7333333333333333, 0.8)', '[0.6666666666666666, 0.8666666666666667)', '[0.8, 0.8666666666666667)'];2;2;4
100;['[0.0, 0.06666666666666667)', '[0.0, 0.13333333333333333)', '[0.0, infinity)'];['[0.4, 0.6)', '[0.2, 0.6666666666666666)'];['[0.7333333333333333, 0.8)'];3;2;1
100;['[0.0, 0.06666666666666667)', '[0.0, 0.06666666666666667)', '[0.0, 0.13333333333333333)', '[0.0, infinity)'];['[0.3333333333333333, 0.6)', '[0.26666666666666666, 0.6666666666666666)'];['[0.6666666666666666, 0.7333333333333333)', '[0.6666666666666666, 0.8)', '[0.7333333333333333, 0.8)', '[0.6666666666666666, 0.8)', '[0.6666666666666666, 0.8)'];4;2;5
101;['[0.0, 0.06666666666666667)', '[0.0, 0.13333333333333333)', '[0.0, 0.13333333333333333)', '[0.0, 0.2)', '[0.0, 0.26666666666666666)', '[0.0, infinity)'];['[0.5333333333333333, 0.6)', '[0.4, 0.6666666666666666)', '[0.13333333333333333, 0.6666666666666666)'];[];6;3;0
101;['[0.0, 0.06666666666666667)', '[0.5333333333333333, 0.6)', '[0.06666666666666667, 0.6666666666666666)', '[0.4, 0.6666666666666666)'];[];[];4;0;0
101;['[0.4, 0.5333333333333333)', '[0.13333333333333333, 0.6)', '[0.4, 0.6666666666666666)'];[];[];3;0;0
102;['[0.0, 0.06666666666666667)', '[0.0, 0.26666666666666666)', '[0.0, 0.3333333333333333)', '[0.0, infinity)'];['[0.0, 0.06666666666666667)', '[0.3333333333333333, 0.7333333333333333)'];['[0.7333333333333333, 0.8)', '[0.7333333333333333, 0.8666666666666667)'];4;2;2
102;['[0.0, 0.2)', '[0.0, 0.26666666666666666)', '[0.0, 0.3333333333333333)', '[0.0, infinity)'];['[0.26666666666666666, 0.7333333333333333)'];['[0.7333333333333333, 0.8)', '[0.7333333333333333, 0.8)', '[0.8, 0.8666666666666667)'];4;1;3
102;['[0.0, 0.06666666666666667)', '[0.0, 0.06666666666666667)', '[0.0, 0.13333333333333333)', '[0.0, 0.3333333333333333)', '[0.0, infinity)'];['[0.26666666666666666, 0.6666666666666666)'];['[0.7333333333333333, 0.8)', '[0.8, 0.8666666666666667)', '[0.8, 0.8666666666666667)'];5;1;3
103;['[0.0, 0.13333333333333333)', '[0.0, infinity)'];['[0.13333333333333333, 0.6)', '[0.5333333333333333, 0.6)', '[0.13333333333333333, 0.6666666666666666)'];['[0.7333333333333333, 0.8)', '[0.8, 0.8666666666666667)'];2;3;2
103;['[0.0, 0.06666666666666667)', '[0.0, 0.06666666666666667)', '[0.0, infinity)'];['[0.13333333333333333, 0.6)', '[0.5333333333333333, 0.6)', '[0.0, 0.7333333333333333)'];['[0.6666666666666666, 0.7333333333333333)', '[0.7333333333333333, 0.8)', '[0.7333333333333333, 0.8)', '[0.7333333333333333, 0.8)'];3;3;4
103;['[0.0, infinity)'];['[0.13333333333333333, 0.6666666666666666)', '[0.0, 0.6666666666666666)', '[0.5333333333333333, 0.6666666666666666)'];['[0.7333333333333333, 0.8)', '[0.7333333333333333, 0.8)', '[0.6666666666666666, 0.8)', '[0.7333333333333333, 0.8)'];1;3;4
104;['[0.0, 0.06666666666666667)', '[0.0, 0.06666666666666667)', '[0.0, 0.06666666666666667)', '[0.0, 0.13333333333333333)', '[0.0, infinity)'];['[0.2, 0.8)'];['[0.8, 0.9333333333333333)', '[0.8, 0.9333333333333333)'];5;1;2
104;['[0.0, 0.06666666666666667)', '[0.0, 0.13333333333333333)', '[0.0, 0.26666666666666666)', '[0.0, infinity)'];['[0.26666666666666666, 0.8)'];['[0.8, 0.9333333333333333)', '[0.8666666666666667, 0.9333333333333333)'];4;1;2
104;['[0.0, 0.06666666666666667)', '[0.0, 0.13333333333333333)', '[0.0, 0.26666666666666666)', '[0.0, 0.3333333333333333)', '[0.0, infinity)'];['[0.3333333333333333, 0.8)'];['[0.8, 0.8666666666666667)'];5;1;1
105;['[0.0, 0.13333333333333333)', '[0.0, infinity)'];['[0.3333333333333333, 0.6)', '[0.0, 0.6)', '[0.0, 0.6)'];['[0.6666666666666666, 0.7333333333333333)', '[0.6, 0.7333333333333333)', '[0.7333333333333333, 0.8)'];2;3;3
105;['[0.0, 0.2)', '[0.0, infinity)'];['[0.4, 0.5333333333333333)', '[0.0, 0.6)', '[0.0, 0.6)'];['[0.6666666666666666, 0.7333333333333333)', '[0.6666666666666666, 0.7333333333333333)', '[0.6, 0.7333333333333333)', '[0.7333333333333333, 0.8)'];2;3;4
105;['[0.0, 0.2)', '[0.0, infinity)'];['[0.06666666666666667, 0.5333333333333333)', '[0.0, 0.6)'];['[0.6, 0.6666666666666666)', '[0.6, 0.7333333333333333)', '[0.6, 0.7333333333333333)', '[0.6666666666666666, 0.7333333333333333)', '[0.6, 0.7333333333333333)', '[0.6666666666666666, 0.7333333333333333)'];2;2;6
107;['[0.0, 0.2)', '[0.0, 0.26666666666666666)', '[0.0, infinity)'];['[0.0, 0.06666666666666667)', '[0.0, 0.06666666666666667)', '[0.06666666666666667, 0.6666666666666666)'];['[0.6666666666666666, 0.8)', '[0.7333333333333333, 0.8)'];3;3;2
107;['[0.0, 0.06666666666666667)', '[0.0, 0.26666666666666666)', '[0.0, 0.26666666666666666)', '[0.0, infinity)'];['[0.0, 0.6)'];['[0.6666666666666666, 0.8)', '[0.7333333333333333, 0.8)', '[0.8, 0.8666666666666667)'];4;1;3
107;['[0.0, 0.13333333333333333)', '[0.0, 0.2)', '[0.0, 0.3333333333333333)', '[0.0, infinity)'];['[0.4666666666666667, 0.6666666666666666)', '[0.0, 0.6666666666666666)'];['[0.7333333333333333, 0.8)', '[0.7333333333333333, 0.8)', '[0.7333333333333333, 0.8)'];4;2;3
108;['[0.0, 0.4666666666666667)', '[0.0, infinity)'];['[0.06666666666666667, 0.7333333333333333)'];['[0.8, 0.8666666666666667)'];2;1;1
108;['[0.0, 0.4666666666666667)', '[0.0, infinity)'];['[0.0, 0.7333333333333333)'];['[0.8, 0.8666666666666667)', '[0.8, 0.8666666666666667)', '[0.8, 0.8666666666666667)', '[0.8, 0.8666666666666667)'];2;1;4
108;['[0.0, 0.4666666666666667)', '[0.0, infinity)'];['[0.06666666666666667, 0.7333333333333333)'];['[0.8, 0.8666666666666667)', '[0.8, 0.8666666666666667)', '[0.8, 0.8666666666666667)'];2;1;3
112;['[0.0, 0.06666666666666667)', '[0.0, 0.06666666666666667)', '[0.0, 0.3333333333333333)', '[0.0, 0.5333333333333333)', '[0.0, infinity)'];['[0.3333333333333333, 0.6666666666666666)', '[0.3333333333333333, 0.6666666666666666)', '[0.6, 0.7333333333333333)', '[0.6, 0.8)'];['[0.7333333333333333, 0.8)', '[0.7333333333333333, 0.8)', '[0.7333333333333333, 0.8666666666666667)', '[0.8, 0.8666666666666667)', '[0.8, 0.8666666666666667)', '[0.7333333333333333, 0.8666666666666667)', '[0.8666666666666667, 0.9333333333333333)', '[0.8666666666666667, 0.9333333333333333)', '[0.8, 0.9333333333333333)'];5;4;9
112;['[0.0, 0.06666666666666667)', '[0.0, 0.06666666666666667)', '[0.0, 0.3333333333333333)', '[0.0, 0.5333333333333333)', '[0.0, infinity)'];['[0.4666666666666667, 0.6666666666666666)', '[0.6666666666666666, 0.7333333333333333)', '[0.4, 0.7333333333333333)', '[0.6666666666666666, 0.7333333333333333)', '[0.6, 0.8)'];['[0.7333333333333333, 0.8)', '[0.8, 0.8666666666666667)', '[0.8, 0.8666666666666667)', '[0.6666666666666666, 0.8666666666666667)', '[0.7333333333333333, 0.8666666666666667)', '[0.8, 0.8666666666666667)', '[0.8666666666666667, 0.9333333333333333)', '[0.8666666666666667, 0.9333333333333333)'];5;5;8
112;['[0.0, 0.06666666666666667)', '[0.0, 0.06666666666666667)', '[0.0, 0.06666666666666667)', '[0.0, 0.4)', '[0.0, 0.5333333333333333)', '[0.0, infinity)'];['[0.4666666666666667, 0.6)', '[0.6, 0.6666666666666666)', '[0.4, 0.7333333333333333)', '[0.7333333333333333, 0.8)', '[0.6666666666666666, 0.8)'];['[0.8, 0.8666666666666667)', '[0.8, 0.8666666666666667)', '[0.7333333333333333, 0.8666666666666667)', '[0.8, 0.8666666666666667)', '[0.8, 0.8666666666666667)', '[0.8, 0.8666666666666667)', '[0.8, 0.8666666666666667)'];6;5;7
113;['[0.0, 0.5333333333333333)', '[0.0, infinity)'];['[0.26666666666666666, 0.4666666666666667)', '[0.13333333333333333, 0.4666666666666667)'];[];2;2;0
113;['[0.0, 0.26666666666666666)'];[];[];1;0;0
114;['[0.0, 0.06666666666666667)', '[0.0, 0.06666666666666667)', '[0.0, 0.13333333333333333)', '[0.0, 0.2)', '[0.0, infinity)'];['[0.2, 0.6666666666666666)', '[0.13333333333333333, 0.6666666666666666)', '[0.5333333333333333, 0.6666666666666666)'];['[0.6666666666666666, 0.7333333333333333)', '[0.6666666666666666, 0.7333333333333333)', '[0.6666666666666666, 0.8)', '[0.7333333333333333, 0.8)', '[0.6666666666666666, 0.8)', '[0.7333333333333333, 0.8666666666666667)'];5;3;6
114;['[0.0, 0.06666666666666667)', '[0.0, 0.06666666666666667)', '[0.0, 0.13333333333333333)', '[0.0, 0.13333333333333333)', '[0.0, infinity)'];['[0.26666666666666666, 0.6666666666666666)', '[0.13333333333333333, 0.6666666666666666)', '[0.5333333333333333, 0.6666666666666666)'];['[0.6666666666666666, 0.7333333333333333)', '[0.7333333333333333, 0.8)', '[0.7333333333333333, 0.8)', '[0.7333333333333333, 0.8)'];5;3;4
114;['[0.0, 0.06666666666666667)', '[0.0, 0.2)', '[0.0, infinity)'];['[0.4, 0.6)', '[0.2, 0.6666666666666666)', '[0.13333333333333333, 0.6666666666666666)'];['[0.7333333333333333, 0.8)', '[0.6666666666666666, 0.8)', '[0.6666666666666666, 0.8)'];3;3;3
115;['[0.0, 0.2)', '[0.0, infinity)'];['[0.0, 0.06666666666666667)', '[0.3333333333333333, 0.6666666666666666)', '[0.06666666666666667, 0.6666666666666666)'];['[0.7333333333333333, 0.8)', '[0.6666666666666666, 0.8)'];2;3;2
115;['[0.0, 0.2)', '[0.0, infinity)'];['[0.5333333333333333, 0.6)', '[0.3333333333333333, 0.6)', '[0.06666666666666667, 0.6)'];['[0.6666666666666666, 0.7333333333333333)', '[0.6666666666666666, 0.7333333333333333)', '[0.6, 0.7333333333333333)', '[0.6666666666666666, 0.7333333333333333)'];2;3;4
115;['[0.0, 0.2)', '[0.0, infinity)'];['[0.06666666666666667, 0.6)', '[0.3333333333333333, 0.6)'];['[0.6666666666666666, 0.7333333333333333)', '[0.6666666666666666, 0.7333333333333333)', '[0.6, 0.7333333333333333)', '[0.6666666666666666, 0.7333333333333333)'];2;2;4
117;['[0.0, 0.06666666666666667)', '[0.0, 0.2)', '[0.0, 0.3333333333333333)', '[0.0, infinity)'];['[0.3333333333333333, 0.6666666666666666)', '[0.2, 0.6666666666666666)', '[0.26666666666666666, 0.6666666666666666)'];['[0.6666666666666666, 0.7333333333333333)', '[0.7333333333333333, 0.8)', '[0.6666666666666666, 0.8)', '[0.7333333333333333, 0.8666666666666667)', '[0.8, 0.8666666666666667)'];4;3;5
117;['[0.0, 0.06666666666666667)', '[0.0, 0.26666666666666666)', '[0.0, 0.3333333333333333)', '[0.0, infinity)'];['[0.5333333333333333, 0.6)', '[0.13333333333333333, 0.6666666666666666)', '[0.3333333333333333, 0.6666666666666666)'];['[0.6666666666666666, 0.7333333333333333)', '[0.7333333333333333, 0.8)', '[0.7333333333333333, 0.8)', '[0.8, 0.8666666666666667)'];4;3;4
117;['[0.0, 0.06666666666666667)', '[0.0, 0.06666666666666667)', '[0.0, 0.2)', '[0.0, infinity)'];['[0.4666666666666667, 0.6)', '[0.13333333333333333, 0.6)', '[0.4, 0.6666666666666666)'];['[0.6666666666666666, 0.7333333333333333)', '[0.7333333333333333, 0.8)', '[0.7333333333333333, 0.8666666666666667)', '[0.8, 0.8666666666666667)', '[0.8, 0.8666666666666667)', '[0.8, 0.8666666666666667)'];4;3;6
118;['[0.0, 0.06666666666666667)', '[0.0, infinity)'];['[0.2, 0.7333333333333333)'];['[0.8, 0.8666666666666667)', '[0.8, 0.8666666666666667)'];2;1;2
118;['[0.0, 0.06666666666666667)', '[0.0, infinity)'];['[0.2, 0.8)'];['[0.8, 0.8666666666666667)', '[0.8, 0.8666666666666667)'];2;1;2
118;['[0.0, 0.06666666666666667)', '[0.0, 0.06666666666666667)', '[0.0, infinity)'];['[0.26666666666666666, 0.7333333333333333)'];['[0.7333333333333333, 0.8)', '[0.8, 0.8666666666666667)', '[0.8, 0.8666666666666667)', '[0.8, 0.8666666666666667)', '[0.8, 0.8666666666666667)'];3;1;5
119;['[0.0, 0.06666666666666667)', '[0.0, 0.06666666666666667)', '[0.0, 0.06666666666666667)', '[0.0, 0.3333333333333333)', '[0.0, 0.4)', '[0.0, infinity)'];['[0.26666666666666666, 0.6666666666666666)', '[0.3333333333333333, 0.6666666666666666)', '[0.26666666666666666, 0.6666666666666666)'];['[0.6666666666666666, 0.7333333333333333)', '[0.7333333333333333, 0.8)', '[0.6666666666666666, 0.8)', '[0.7333333333333333, 0.8)'];6;3;4
119;['[0.0, 0.06666666666666667)', '[0.0, 0.06666666666666667)', '[0.0, 0.06666666666666667)', '[0.0, 0.26666666666666666)', '[0.0, 0.3333333333333333)', '[0.0, infinity)'];['[0.4, 0.5333333333333333)', '[0.2, 0.6)', '[0.4, 0.6666666666666666)'];['[0.6, 0.7333333333333333)', '[0.6666666666666666, 0.7333333333333333)', '[0.6666666666666666, 0.8)', '[0.7333333333333333, 0.8)'];6;3;4
119;['[0.0, 0.06666666666666667)', '[0.0, 0.06666666666666667)', '[0.0, 0.13333333333333333)', '[0.0, 0.2)', '[0.0, 0.4)', '[0.0, infinity)'];['[0.26666666666666666, 0.4666666666666667)', '[0.3333333333333333, 0.6)', '[0.2, 0.6666666666666666)'];['[0.6666666666666666, 0.7333333333333333)', '[0.6666666666666666, 0.8)', '[0.7333333333333333, 0.8)', '[0.7333333333333333, 0.8)', '[0.7333333333333333, 0.8)', '[0.7333333333333333, 0.8)'];6;3;6
120;['[0.0, 0.06666666666666667)', '[0.0, 0.06666666666666667)', '[0.0, 0.06666666666666667)', '[0.0, 0.06666666666666667)', '[0.0, 0.13333333333333333)', '[0.0, 0.3333333333333333)', '[0.0, 0.3333333333333333)', '[0.0, 0.4)', '[0.0, 0.4666666666666667)', '[0.0, 0.6)', '[0.0, infinity)'];['[0.6666666666666666, 0.7333333333333333)', '[0.6666666666666666, 0.8)', '[0.4, 0.8)', '[0.6666666666666666, 0.8666666666666667)'];['[0.8, 0.8666666666666667)', '[0.8666666666666667, 0.9333333333333333)', '[0.8666666666666667, 0.9333333333333333)', '[0.8666666666666667, 0.9333333333333333)', '[0.9333333333333333, infinity)'];11;4;5
120;['[0.0, 0.06666666666666667)', '[0.0, 0.06666666666666667)', '[0.0, 0.06666666666666667)', '[0.0, 0.13333333333333333)', '[0.0, 0.3333333333333333)', '[0.0, 0.3333333333333333)', '[0.0, 0.4)', '[0.0, 0.4666666666666667)', '[0.0, 0.5333333333333333)', '[0.0, infinity)'];['[0.6666666666666666, 0.7333333333333333)', '[0.4, 0.8)', '[0.6666666666666666, 0.8666666666666667)'];['[0.8666666666666667, 0.9333333333333333)', '[0.8666666666666667, 0.9333333333333333)', '[0.8, 0.9333333333333333)', '[0.8666666666666667, 0.9333333333333333)', '[0.9333333333333333, infinity)', '[0.9333333333333333, infinity)', '[0.9333333333333333, infinity)'];10;3;7
120;['[0.0, 0.06666666666666667)', '[0.0, 0.06666666666666667)', '[0.0, 0.13333333333333333)', '[0.0, 0.13333333333333333)', '[0.0, 0.3333333333333333)', '[0.0, 0.3333333333333333)', '[0.0, 0.4)', '[0.0, 0.4666666666666667)', '[0.0, 0.5333333333333333)', '[0.0, infinity)'];['[0.6, 0.7333333333333333)', '[0.4, 0.8)', '[0.7333333333333333, 0.8)', '[0.6666666666666666, 0.8666666666666667)'];['[0.8, 0.8666666666666667)', '[0.8, 0.8666666666666667)', '[0.8, 0.8666666666666667)', '[0.8, 0.8666666666666667)', '[0.8666666666666667, 0.9333333333333333)', '[0.9333333333333333, infinity)'];10;4;6
121;['[0.0, 0.06666666666666667)', '[0.0, 0.06666666666666667)', '[0.0, 0.13333333333333333)', '[0.0, infinity)'];['[0.26666666666666666, 0.6666666666666666)', '[0.2, 0.6666666666666666)'];['[0.7333333333333333, 0.8)', '[0.8, 0.8666666666666667)', '[0.8, 0.8666666666666667)'];4;2;3
121;['[0.0, 0.06666666666666667)', '[0.0, 0.06666666666666667)', '[0.0, 0.06666666666666667)', '[0.0, 0.13333333333333333)', '[0.0, infinity)'];['[0.2, 0.6)', '[0.2, 0.6)'];['[0.6666666666666666, 0.7333333333333333)', '[0.8, 0.8666666666666667)', '[0.7333333333333333, 0.8666666666666667)', '[0.8666666666666667, 0.9333333333333333)'];5;2;4
121;['[0.0, 0.06666666666666667)', '[0.0, 0.06666666666666667)', '[0.0, 0.13333333333333333)', '[0.0, infinity)'];['[0.3333333333333333, 0.6666666666666666)', '[0.2, 0.6666666666666666)'];['[0.8666666666666667, 0.9333333333333333)', '[0.6666666666666666, 0.9333333333333333)'];4;2;2
122;['[0.0, 0.06666666666666667)', '[0.0, infinity)'];['[0.2, 0.6)', '[0.26666666666666666, 0.6666666666666666)'];['[0.7333333333333333, 0.8)', '[0.7333333333333333, 0.8)', '[0.7333333333333333, 0.8)', '[0.7333333333333333, 0.8)'];2;2;4
122;['[0.0, 0.06666666666666667)', '[0.0, 0.13333333333333333)', '[0.0, infinity)'];['[0.2, 0.6)', '[0.26666666666666666, 0.6666666666666666)'];['[0.6666666666666666, 0.8)', '[0.7333333333333333, 0.8)', '[0.7333333333333333, 0.8)', '[0.6666666666666666, 0.8)'];3;2;4
122;['[0.0, 0.13333333333333333)', '[0.0, 0.13333333333333333)', '[0.0, infinity)'];['[0.2, 0.6666666666666666)', '[0.2, 0.7333333333333333)'];['[0.7333333333333333, 0.8)', '[0.6666666666666666, 0.8)', '[0.7333333333333333, 0.8666666666666667)', '[0.8, 0.8666666666666667)'];3;2;4
123;['[0.0, infinity)'];['[0.06666666666666667, 0.6)', '[0.4666666666666667, 0.6)', '[0.0, 0.6)', '[0.6, 0.6666666666666666)'];['[0.6666666666666666, 0.7333333333333333)', '[0.6666666666666666, 0.7333333333333333)', '[0.6, 0.7333333333333333)', '[0.6, 0.7333333333333333)', '[0.6666666666666666, 0.7333333333333333)', '[0.6, 0.7333333333333333)', '[0.6666666666666666, 0.7333333333333333)'];1;4;7
123;['[0.0, infinity)'];['[0.0, 0.06666666666666667)', '[0.3333333333333333, 0.5333333333333333)', '[0.06666666666666667, 0.6)', '[0.26666666666666666, 0.6)'];['[0.6666666666666666, 0.7333333333333333)', '[0.6666666666666666, 0.7333333333333333)', '[0.6666666666666666, 0.7333333333333333)', '[0.6666666666666666, 0.7333333333333333)', '[0.6, 0.7333333333333333)', '[0.6666666666666666, 0.7333333333333333)', '[0.6666666666666666, 0.7333333333333333)'];1;4;7
123;['[0.0, infinity)'];['[0.0, 0.06666666666666667)', '[0.4, 0.4666666666666667)', '[0.0, 0.6)', '[0.06666666666666667, 0.6)', '[0.4, 0.6666666666666666)'];['[0.6666666666666666, 0.7333333333333333)', '[0.6666666666666666, 0.7333333333333333)', '[0.6666666666666666, 0.7333333333333333)', '[0.6666666666666666, 0.7333333333333333)', '[0.6666666666666666, 0.8)', '[0.7333333333333333, 0.8)'];1;5;6
124;['[0.0, 0.06666666666666667)', '[0.0, 0.4)', '[0.0, 0.4666666666666667)', '[0.0, infinity)'];['[0.5333333333333333, 0.6666666666666666)', '[0.0, 0.7333333333333333)'];['[0.7333333333333333, 0.8)', '[0.8, 0.8666666666666667)', '[0.8, 0.8666666666666667)', '[0.8, 0.9333333333333333)'];4;2;4
124;['[0.0, 0.3333333333333333)', '[0.0, 0.4)', '[0.0, infinity)'];['[0.5333333333333333, 0.6666666666666666)', '[0.06666666666666667, 0.7333333333333333)'];['[0.8, 0.8666666666666667)', '[0.8, 0.8666666666666667)', '[0.7333333333333333, 0.8666666666666667)', '[0.8, 0.8666666666666667)', '[0.8, 0.8666666666666667)'];3;2;5
124;['[0.0, 0.4)', '[0.0, 0.5333333333333333)', '[0.0, infinity)'];['[0.5333333333333333, 0.6666666666666666)', '[0.0, 0.7333333333333333)'];['[0.7333333333333333, 0.8)', '[0.7333333333333333, 0.8666666666666667)'];3;2;2
125;['[0.0, infinity)'];['[0.06666666666666667, 0.7333333333333333)'];['[0.8, 0.8666666666666667)', '[0.8, 0.8666666666666667)', '[0.8, 0.8666666666666667)', '[0.8, 0.8666666666666667)'];1;1;4
125;['[0.0, 0.06666666666666667)', '[0.0, 0.06666666666666667)', '[0.0, 0.06666666666666667)', '[0.0, infinity)'];['[0.06666666666666667, 0.7333333333333333)'];['[0.8, 0.8666666666666667)', '[0.8, 0.8666666666666667)'];4;1;2
125;['[0.0, infinity)'];['[0.0, 0.7333333333333333)'];['[0.8, 0.8666666666666667)', '[0.8, 0.8666666666666667)'];1;1;2
126;['[0.0, 0.13333333333333333)', '[0.0, 0.4)', '[0.0, infinity)'];['[0.06666666666666667, 0.6)', '[0.6, 0.6666666666666666)', '[0.6, 0.7333333333333333)'];['[0.7333333333333333, 0.8)', '[0.7333333333333333, 0.8)', '[0.7333333333333333, 0.8)', '[0.7333333333333333, 0.8666666666666667)'];3;3;4
126;['[0.0, 0.13333333333333333)', '[0.0, 0.13333333333333333)', '[0.0, 0.4)', '[0.0, infinity)'];['[0.5333333333333333, 0.6)', '[0.06666666666666667, 0.6666666666666666)', '[0.6, 0.6666666666666666)'];['[0.7333333333333333, 0.8)', '[0.7333333333333333, 0.8)', '[0.7333333333333333, 0.8)', '[0.8, 0.8666666666666667)'];4;3;4
126;['[0.0, 0.13333333333333333)', '[0.0, 0.13333333333333333)', '[0.0, 0.3333333333333333)', '[0.0, infinity)'];['[0.0, 0.6)', '[0.5333333333333333, 0.6666666666666666)', '[0.4666666666666667, 0.7333333333333333)'];['[0.6666666666666666, 0.8)', '[0.7333333333333333, 0.8666666666666667)', '[0.8, 0.8666666666666667)'];4;3;3
127;['[0.0, 0.06666666666666667)', '[0.0, 0.13333333333333333)', '[0.0, 0.2)', '[0.0, 0.2)', '[0.0, infinity)'];['[0.2, 0.6666666666666666)', '[0.2, 0.6666666666666666)', '[0.4, 0.7333333333333333)'];['[0.7333333333333333, 0.8)', '[0.8, 0.8666666666666667)', '[0.7333333333333333, 0.8666666666666667)', '[0.8, 0.8666666666666667)', '[0.8, 0.8666666666666667)'];5;3;5
127;['[0.0, 0.06666666666666667)', '[0.0, 0.06666666666666667)', '[0.0, 0.06666666666666667)', '[0.0, 0.2)', '[0.0, 0.3333333333333333)', '[0.0, infinity)'];['[0.4, 0.6666666666666666)', '[0.4, 0.7333333333333333)', '[0.2, 0.7333333333333333)'];['[0.7333333333333333, 0.8)', '[0.8, 0.8666666666666667)', '[0.7333333333333333, 0.8666666666666667)'];6;3;3
127;['[0.0, 0.2)', '[0.0, 0.2)', '[0.0, 0.26666666666666666)', '[0.0, infinity)'];['[0.26666666666666666, 0.7333333333333333)', '[0.4, 0.7333333333333333)', '[0.2, 0.8)'];['[0.8, 0.8666666666666667)', '[0.8, 0.8666666666666667)', '[0.8, 0.8666666666666667)', '[0.8, 0.8666666666666667)', '[0.8, 0.8666666666666667)', '[0.8, 0.8666666666666667)'];4;3;6
128;['[0.0, 0.13333333333333333)', '[0.0, 0.2)', '[0.0, 0.26666666666666666)', '[0.0, 0.3333333333333333)', '[0.0, infinity)'];['[0.2, 0.6)', '[0.5333333333333333, 0.6)', '[0.2, 0.6666666666666666)', '[0.6666666666666666, 0.7333333333333333)', '[0.5333333333333333, 0.7333333333333333)'];['[0.6666666666666666, 0.7333333333333333)', '[0.6666666666666666, 0.7333333333333333)', '[0.6666666666666666, 0.7333333333333333)', '[0.7333333333333333, 0.8)', '[0.7333333333333333, 0.8)', '[0.7333333333333333, 0.8)', '[0.7333333333333333, 0.8)'];5;5;7
128;['[0.0, 0.13333333333333333)', '[0.0, 0.3333333333333333)', '[0.0, infinity)'];['[0.26666666666666666, 0.6)', '[0.5333333333333333, 0.6)', '[0.06666666666666667, 0.6)', '[0.6, 0.6666666666666666)'];['[0.7333333333333333, 0.8)', '[0.7333333333333333, 0.8)', '[0.7333333333333333, 0.8)', '[0.6666666666666666, 0.8666666666666667)', '[0.7333333333333333, 0.8666666666666667)', '[0.7333333333333333, 0.8666666666666667)'];3;4;6
128;['[0.0, 0.06666666666666667)', '[0.0, 0.2)', '[0.0, 0.26666666666666666)', '[0.0, infinity)'];['[0.26666666666666666, 0.6)', '[0.13333333333333333, 0.6666666666666666)', '[0.5333333333333333, 0.6666666666666666)', '[0.4, 0.7333333333333333)'];['[0.6666666666666666, 0.7333333333333333)', '[0.6666666666666666, 0.7333333333333333)', '[0.7333333333333333, 0.8)', '[0.7333333333333333, 0.8)', '[0.7333333333333333, 0.8)', '[0.7333333333333333, 0.8)', '[0.7333333333333333, 0.8)'];4;4;7
129;['[0.0, 0.06666666666666667)', '[0.0, 0.13333333333333333)', '[0.0, 0.3333333333333333)', '[0.0, infinity)'];['[0.4, 0.6)', '[0.4, 0.6666666666666666)', '[0.3333333333333333, 0.7333333333333333)'];['[0.7333333333333333, 0.8)', '[0.7333333333333333, 0.8)'];4;3;2
129;['[0.0, 0.06666666666666667)', '[0.0, 0.06666666666666667)', '[0.0, 0.06666666666666667)', '[0.0, 0.2)', '[0.0, 0.26666666666666666)', '[0.0, 0.4)', '[0.0, infinity)'];['[0.4666666666666667, 0.6)', '[0.3333333333333333, 0.6666666666666666)', '[0.4666666666666667, 0.6666666666666666)'];['[0.6666666666666666, 0.7333333333333333)', '[0.7333333333333333, 0.8)', '[0.7333333333333333, 0.8)', '[0.7333333333333333, 0.8666666666666667)'];7;3;4
129;['[0.0, 0.13333333333333333)', '[0.0, 0.2)', '[0.0, 0.26666666666666666)', '[0.0, infinity)'];['[0.4666666666666667, 0.6666666666666666)', '[0.4666666666666667, 0.6666666666666666)', '[0.4, 0.7333333333333333)'];['[0.6666666666666666, 0.7333333333333333)', '[0.7333333333333333, 0.8)', '[0.7333333333333333, 0.8)', '[0.7333333333333333, 0.8)', '[0.7333333333333333, 0.8666666666666667)', '[0.8, 0.8666666666666667)'];4;3;6
130;['[0.0, 0.06666666666666667)', '[0.0, 0.06666666666666667)', '[0.0, 0.13333333333333333)', '[0.0, 0.13333333333333333)', '[0.0, infinity)'];['[0.4666666666666667, 0.6666666666666666)', '[0.6, 0.6666666666666666)', '[0.4, 0.7333333333333333)'];['[0.7333333333333333, 0.8)', '[0.7333333333333333, 0.8)', '[0.8, 0.8666666666666667)', '[0.7333333333333333, 0.8666666666666667)', '[0.8, 0.8666666666666667)'];5;3;5
130;['[0.0, 0.06666666666666667)', '[0.0, 0.06666666666666667)', '[0.0, 0.06666666666666667)', '[0.0, 0.06666666666666667)', '[0.0, 0.13333333333333333)', '[0.0, 0.26666666666666666)', '[0.0, infinity)'];['[0.6, 0.6666666666666666)', '[0.4666666666666667, 0.6666666666666666)', '[0.6666666666666666, 0.7333333333333333)', '[0.4, 0.7333333333333333)'];['[0.7333333333333333, 0.8)', '[0.7333333333333333, 0.8)', '[0.8, 0.8666666666666667)', '[0.8, 0.8666666666666667)', '[0.8, 0.8666666666666667)'];7;4;5
130;['[0.0, 0.06666666666666667)', '[0.0, 0.06666666666666667)', '[0.0, 0.13333333333333333)', '[0.0, 0.13333333333333333)', '[0.0, 0.26666666666666666)', '[0.0, infinity)'];['[0.4, 0.6666666666666666)', '[0.3333333333333333, 0.6666666666666666)', '[0.4, 0.6666666666666666)', '[0.6666666666666666, 0.7333333333333333)'];['[0.7333333333333333, 0.8)', '[0.7333333333333333, 0.8)', '[0.7333333333333333, 0.8)', '[0.7333333333333333, 0.8)', '[0.8, 0.8666666666666667)'];6;4;5
131;['[0.0, 0.2)', '[0.0, 0.2)', '[0.0, infinity)'];['[0.26666666666666666, 0.6)', '[0.06666666666666667, 0.6666666666666666)'];['[0.6666666666666666, 0.7333333333333333)', '[0.6666666666666666, 0.7333333333333333)', '[0.6666666666666666, 0.7333333333333333)', '[0.6666666666666666, 0.7333333333333333)', '[0.6666666666666666, 0.7333333333333333)'];3;2;5
131;['[0.0, 0.06666666666666667)', '[0.0, 0.2)', '[0.0, infinity)'];['[0.2, 0.5333333333333333)', '[0.2, 0.6)'];['[0.6666666666666666, 0.7333333333333333)', '[0.6666666666666666, 0.7333333333333333)', '[0.6666666666666666, 0.7333333333333333)', '[0.6666666666666666, 0.7333333333333333)', '[0.6666666666666666, 0.7333333333333333)'];3;2;5
131;['[0.0, 0.13333333333333333)', '[0.0, 0.2)', '[0.0, infinity)'];['[0.5333333333333333, 0.6)', '[0.13333333333333333, 0.6)', '[0.26666666666666666, 0.6666666666666666)'];['[0.6666666666666666, 0.7333333333333333)', '[0.6666666666666666, 0.8)'];3;3;2
132;['[0.0, 0.06666666666666667)', '[0.0, 0.2)', '[0.0, 0.2)', '[0.0, 0.3333333333333333)', '[0.0, infinity)'];['[0.4666666666666667, 0.7333333333333333)', '[0.3333333333333333, 0.7333333333333333)'];['[0.8, 0.9333333333333333)'];5;2;1
132;['[0.0, 0.06666666666666667)', '[0.0, 0.06666666666666667)', '[0.0, 0.2)', '[0.0, 0.3333333333333333)', '[0.0, infinity)'];['[0.3333333333333333, 0.7333333333333333)'];['[0.7333333333333333, 0.8)', '[0.7333333333333333, 0.8666666666666667)'];5;1;2
132;['[0.0, 0.26666666666666666)', '[0.0, 0.26666666666666666)', '[0.0, 0.3333333333333333)', '[0.0, infinity)'];['[0.5333333333333333, 0.6)', '[0.4, 0.7333333333333333)'];['[0.8, 0.8666666666666667)'];4;2;1
134;['[0.0, 0.06666666666666667)', '[0.0, 0.26666666666666666)', '[0.0, 0.4)', '[0.0, 0.4)', '[0.0, infinity)'];['[0.2, 0.7333333333333333)'];['[0.8, 0.8666666666666667)', '[0.8, 0.8666666666666667)', '[0.8, 0.8666666666666667)'];5;1;3
134;['[0.0, 0.06666666666666667)', '[0.0, 0.13333333333333333)', '[0.0, 0.26666666666666666)', '[0.0, 0.4)', '[0.0, infinity)'];['[0.06666666666666667, 0.7333333333333333)'];['[0.8, 0.8666666666666667)', '[0.8, 0.8666666666666667)', '[0.8, 0.8666666666666667)'];5;1;3
134;['[0.0, 0.13333333333333333)', '[0.0, 0.13333333333333333)', '[0.0, 0.26666666666666666)', '[0.0, 0.26666666666666666)', '[0.0, 0.3333333333333333)', '[0.0, infinity)'];['[0.13333333333333333, 0.7333333333333333)', '[0.6666666666666666, 0.7333333333333333)'];['[0.7333333333333333, 0.8666666666666667)', '[0.8, 0.8666666666666667)', '[0.8, 0.8666666666666667)', '[0.7333333333333333, 0.8666666666666667)'];6;2;4
135;['[0.0, 0.06666666666666667)', '[0.0, 0.06666666666666667)', '[0.0, 0.06666666666666667)', '[0.0, 0.3333333333333333)', '[0.0, infinity)'];['[0.3333333333333333, 0.8)'];['[0.8, 0.9333333333333333)'];5;1;1
135;['[0.0, 0.06666666666666667)', '[0.0, 0.06666666666666667)', '[0.0, 0.06666666666666667)', '[0.0, 0.06666666666666667)', '[0.0, 0.3333333333333333)', '[0.0, infinity)'];['[0.4666666666666667, 0.6666666666666666)'];['[0.8, 0.8666666666666667)', '[0.8, 0.8666666666666667)'];6;1;2
135;['[0.0, 0.06666666666666667)', '[0.0, 0.06666666666666667)', '[0.0, 0.06666666666666667)', '[0.0, 0.26666666666666666)', '[0.0, infinity)'];['[0.3333333333333333, 0.8)'];['[0.8666666666666667, 0.9333333333333333)'];5;1;1
136;['[0.0, 0.13333333333333333)', '[0.0, 0.2)', '[0.0, infinity)'];['[0.2, 0.6)', '[0.06666666666666667, 0.6666666666666666)', '[0.5333333333333333, 0.6666666666666666)'];['[0.7333333333333333, 0.8)', '[0.7333333333333333, 0.8)', '[0.7333333333333333, 0.8)'];3;3;3
136;['[0.0, 0.06666666666666667)', '[0.0, 0.13333333333333333)', '[0.0, 0.2)', '[0.0, infinity)'];['[0.26666666666666666, 0.6)', '[0.06666666666666667, 0.6)', '[0.6, 0.6666666666666666)'];['[0.6666666666666666, 0.7333333333333333)', '[0.6666666666666666, 0.7333333333333333)', '[0.7333333333333333, 0.8)'];4;3;3
136;['[0.0, 0.06666666666666667)', '[0.0, 0.13333333333333333)', '[0.0, 0.13333333333333333)', '[0.0, infinity)'];['[0.13333333333333333, 0.6)', '[0.06666666666666667, 0.6666666666666666)'];['[0.6666666666666666, 0.7333333333333333)', '[0.6666666666666666, 0.7333333333333333)', '[0.7333333333333333, 0.8)'];4;2;3
137;['[0.0, 0.06666666666666667)', '[0.0, 0.06666666666666667)', '[0.0, 0.13333333333333333)', '[0.0, infinity)'];['[0.4, 0.6)', '[0.26666666666666666, 0.6666666666666666)', '[0.5333333333333333, 0.6666666666666666)'];['[0.6666666666666666, 0.7333333333333333)', '[0.6666666666666666, 0.7333333333333333)', '[0.6666666666666666, 0.8)', '[0.7333333333333333, 0.8)'];4;3;4
137;['[0.0, 0.06666666666666667)', '[0.0, 0.13333333333333333)', '[0.0, infinity)'];['[0.3333333333333333, 0.5333333333333333)', '[0.26666666666666666, 0.6)', '[0.3333333333333333, 0.6666666666666666)'];['[0.6666666666666666, 0.7333333333333333)', '[0.6666666666666666, 0.7333333333333333)', '[0.6666666666666666, 0.7333333333333333)', '[0.6666666666666666, 0.8)'];3;3;4
137;['[0.0, 0.06666666666666667)', '[0.0, 0.13333333333333333)', '[0.0, infinity)'];['[0.4, 0.6)', '[0.26666666666666666, 0.6)', '[0.5333333333333333, 0.6666666666666666)'];['[0.6, 0.6666666666666666)', '[0.6, 0.7333333333333333)', '[0.7333333333333333, 0.8)', '[0.7333333333333333, 0.8)', '[0.7333333333333333, 0.8)', '[0.7333333333333333, 0.8)'];3;3;6
138;['[0.0, 0.06666666666666667)', '[0.0, 0.06666666666666667)', '[0.0, 0.06666666666666667)', '[0.0, infinity)'];['[0.13333333333333333, 0.6666666666666666)', '[0.26666666666666666, 0.7333333333333333)'];[];4;2;0
138;['[0.13333333333333333, 0.6)', '[0.26666666666666666, 0.6666666666666666)'];[];[];2;0;0
138;['[0.13333333333333333, 0.6)', '[0.26666666666666666, 0.6666666666666666)'];[];[];2;0;0
139;['[0.0, 0.06666666666666667)', '[0.0, 0.06666666666666667)', '[0.0, 0.13333333333333333)', '[0.0, 0.13333333333333333)', '[0.0, 0.2)', '[0.0, infinity)'];['[0.13333333333333333, 0.6)', '[0.26666666666666666, 0.6666666666666666)'];['[0.6666666666666666, 0.8)', '[0.6, 0.8)', '[0.7333333333333333, 0.8)', '[0.7333333333333333, 0.8)', '[0.7333333333333333, 0.8)'];6;2;5
139;['[0.0, 0.06666666666666667)', '[0.0, 0.06666666666666667)', '[0.0, 0.06666666666666667)', '[0.0, 0.06666666666666667)', '[0.0, 0.06666666666666667)', '[0.0, 0.13333333333333333)', '[0.0, infinity)'];['[0.06666666666666667, 0.6)', '[0.2, 0.6666666666666666)'];['[0.7333333333333333, 0.8)', '[0.7333333333333333, 0.8)'];7;2;2
139;['[0.0, 0.06666666666666667)', '[0.0, 0.06666666666666667)', '[0.0, 0.13333333333333333)', '[0.0, infinity)'];['[0.2, 0.6666666666666666)', '[0.26666666666666666, 0.6666666666666666)'];['[0.7333333333333333, 0.8)', '[0.7333333333333333, 0.8)', '[0.7333333333333333, 0.8)', '[0.7333333333333333, 0.8)', '[0.8, 0.8666666666666667)'];4;2;5
140;['[0.0, 0.6666666666666666)', '[0.0, infinity)'];['[0.4666666666666667, 0.6)', '[0.13333333333333333, 0.6666666666666666)', '[0.06666666666666667, 0.6666666666666666)'];['[0.6666666666666666, 0.7333333333333333)', '[0.6666666666666666, 0.7333333333333333)', '[0.7333333333333333, 0.8)', '[0.6666666666666666, 0.8)'];2;3;4
140;['[0.0, 0.6)', '[0.0, infinity)'];['[0.2, 0.5333333333333333)', '[0.4666666666666667, 0.6)', '[0.0, 0.6)'];['[0.6666666666666666, 0.7333333333333333)', '[0.6666666666666666, 0.7333333333333333)', '[0.7333333333333333, 0.8)', '[0.6666666666666666, 0.8)', '[0.6666666666666666, 0.8)'];2;3;5
140;['[0.0, 0.06666666666666667)', '[0.0, 0.06666666666666667)', '[0.0, 0.5333333333333333)', '[0.0, infinity)'];['[0.13333333333333333, 0.6)', '[0.5333333333333333, 0.6)', '[0.13333333333333333, 0.6666666666666666)'];['[0.7333333333333333, 0.8)', '[0.6666666666666666, 0.8)', '[0.7333333333333333, 0.8)'];4;3;3
141;['[0.0, 0.06666666666666667)', '[0.0, 0.3333333333333333)', '[0.0, infinity)'];['[0.3333333333333333, 0.8)'];['[0.8666666666666667, 0.9333333333333333)'];3;1;1
141;['[0.0, 0.4)', '[0.0, infinity)'];['[0.4, 0.8)'];['[0.8, 0.8666666666666667)'];2;1;1
141;['[0.0, 0.06666666666666667)', '[0.0, 0.4)', '[0.0, infinity)'];['[0.4666666666666667, 0.7333333333333333)'];['[0.8, 0.8666666666666667)'];3;1;1
142;['[0.0, 0.06666666666666667)', '[0.0, 0.13333333333333333)', '[0.0, 0.2)', '[0.0, infinity)'];['[0.26666666666666666, 0.8)'];['[0.8, 0.8666666666666667)', '[0.8666666666666667, 0.9333333333333333)'];4;1;2
142;['[0.0, 0.06666666666666667)', '[0.0, 0.2)', '[0.0, infinity)'];['[0.3333333333333333, 0.8)'];['[0.8, 0.8666666666666667)', '[0.8, 0.9333333333333333)'];3;1;2
142;['[0.0, 0.13333333333333333)', '[0.0, 0.2)', '[0.0, 0.2)', '[0.0, infinity)'];['[0.26666666666666666, 0.8)'];['[0.8666666666666667, 0.9333333333333333)', '[0.8, 0.9333333333333333)'];4;1;2
143;['[0.0, 0.06666666666666667)', '[0.0, 0.2)', '[0.0, 0.4666666666666667)', '[0.0, 0.5333333333333333)', '[0.0, infinity)'];['[0.4666666666666667, 0.6666666666666666)', '[0.2, 0.6666666666666666)'];['[0.7333333333333333, 0.8)', '[0.8, 0.8666666666666667)'];5;2;2
143;['[0.0, 0.06666666666666667)', '[0.0, 0.06666666666666667)', '[0.0, 0.4666666666666667)', '[0.0, 0.5333333333333333)', '[0.0, infinity)'];['[0.13333333333333333, 0.6666666666666666)', '[0.6666666666666666, 0.7333333333333333)'];['[0.6666666666666666, 0.7333333333333333)', '[0.6666666666666666, 0.7333333333333333)'];5;2;2
143;['[0.0, 0.06666666666666667)', '[0.0, 0.5333333333333333)', '[0.0, 0.6)', '[0.0, infinity)'];['[0.06666666666666667, 0.6666666666666666)'];['[0.6666666666666666, 0.7333333333333333)', '[0.6666666666666666, 0.7333333333333333)', '[0.8, 0.8666666666666667)'];4;1;3
144;['[0.0, 0.06666666666666667)', '[0.0, 0.2)', '[0.0, infinity)'];['[0.3333333333333333, 0.6666666666666666)', '[0.4, 0.8)'];[];3;2;0
144;['[0.4666666666666667, 0.6666666666666666)', '[0.2, 0.6666666666666666)'];[];[];2;0;0
144;['[0.26666666666666666, 0.6666666666666666)', '[0.4666666666666667, 0.7333333333333333)'];[];[];2;0;0
172;['[0.0, 0.06666666666666667)', '[0.0, 0.06666666666666667)', '[0.0, 0.2)', '[0.0, 0.2)', '[0.0, 0.4)', '[0.0, infinity)'];['[0.13333333333333333, 0.7333333333333333)'];['[0.7333333333333333, 0.8666666666666667)', '[0.7333333333333333, 0.8666666666666667)'];6;1;2
172;['[0.0, 0.06666666666666667)', '[0.0, 0.06666666666666667)', '[0.0, 0.13333333333333333)', '[0.0, 0.13333333333333333)', '[0.0, 0.5333333333333333)', '[0.0, infinity)'];['[0.0, 0.06666666666666667)', '[0.13333333333333333, 0.7333333333333333)', '[0.6666666666666666, 0.7333333333333333)'];['[0.8, 0.8666666666666667)', '[0.8, 0.8666666666666667)'];6;3;2
172;['[0.0, 0.06666666666666667)', '[0.0, 0.06666666666666667)', '[0.0, 0.13333333333333333)', '[0.0, 0.2)', '[0.0, 0.5333333333333333)', '[0.0, infinity)'];['[0.2, 0.7333333333333333)'];['[0.7333333333333333, 0.8666666666666667)'];6;1;1
173;['[0.0, 0.13333333333333333)', '[0.0, infinity)'];['[0.0, 0.06666666666666667)', '[0.26666666666666666, 0.5333333333333333)', '[0.0, 0.6)', '[0.0, 0.6)'];['[0.6, 0.6666666666666666)', '[0.6666666666666666, 0.7333333333333333)', '[0.6, 0.7333333333333333)', '[0.6666666666666666, 0.7333333333333333)'];2;4;4
173;['[0.0, 0.2)', '[0.0, infinity)'];['[0.0, 0.6)', '[0.0, 0.6)', '[0.0, 0.6)'];['[0.6, 0.6666666666666666)', '[0.6, 0.7333333333333333)', '[0.7333333333333333, 0.8)', '[0.6666666666666666, 0.8)', '[0.7333333333333333, 0.8)', '[0.7333333333333333, 0.8)'];2;3;6
173;['[0.0, 0.2)', '[0.0, 0.26666666666666666)', '[0.0, infinity)'];['[0.2, 0.5333333333333333)', '[0.0, 0.6666666666666666)', '[0.06666666666666667, 0.6666666666666666)'];['[0.6666666666666666, 0.7333333333333333)', '[0.6666666666666666, 0.7333333333333333)', '[0.6666666666666666, 0.8)', '[0.7333333333333333, 0.8)'];3;3;4
